Order_Id,buyerId,SellerID,productId,Created_at,total_price
67183275fc13ae41dd22d1ba,99-6805309,57-7652513,67183275fc13ae41dd22d1bb,7/30/2024,$51.12
67183275fc13ae41dd22d1bc,84-9815686,92-9726758,67183275fc13ae41dd22d1bd,4/3/2024,$67.65
67183275fc13ae41dd22d1be,89-4420367,32-2737216,67183275fc13ae41dd22d1bf,11/20/2023,$2.27
67183275fc13ae41dd22d1c0,67-9255691,08-4201032,67183275fc13ae41dd22d1c1,10/4/2024,$1.11
67183275fc13ae41dd22d1c2,02-9502656,07-1653549,67183275fc13ae41dd22d1c3,8/2/2024,$22.42
67183275fc13ae41dd22d1c4,28-2863324,87-9113492,67183275fc13ae41dd22d1c5,7/26/2024,$24.28
67183275fc13ae41dd22d1c6,35-4831262,15-5519943,67183275fc13ae41dd22d1c7,2/3/2024,$68.78
67183275fc13ae41dd22d1c8,33-6922658,82-5737958,67183275fc13ae41dd22d1c9,11/19/2023,$19.56
67183275fc13ae41dd22d1ca,41-2587414,17-9424850,67183275fc13ae41dd22d1cb,6/2/2024,$4.15
67183275fc13ae41dd22d1cc,32-4204405,83-1480057,67183275fc13ae41dd22d1cd,8/11/2024,$72.01
67183275fc13ae41dd22d1ce,61-4497086,12-3642854,67183275fc13ae41dd22d1cf,5/17/2024,$16.00
67183275fc13ae41dd22d1d0,26-6416344,73-0706983,67183275fc13ae41dd22d1d1,7/19/2024,$29.68
67183275fc13ae41dd22d1d2,43-6149166,84-5673305,67183275fc13ae41dd22d1d3,3/16/2024,$87.64
67183275fc13ae41dd22d1d4,30-7562108,71-0883483,67183275fc13ae41dd22d1d5,7/21/2024,$36.94
67183275fc13ae41dd22d1d6,76-9532419,00-3533248,67183275fc13ae41dd22d1d7,7/12/2024,$63.13
67183275fc13ae41dd22d1d8,36-4040509,51-2045919,67183275fc13ae41dd22d1d9,9/22/2024,$73.28
67183275fc13ae41dd22d1da,31-6333475,66-6880822,67183275fc13ae41dd22d1db,4/25/2024,$80.07
67183275fc13ae41dd22d1dc,96-3478672,14-4246856,67183275fc13ae41dd22d1dd,8/22/2024,$78.47
67183275fc13ae41dd22d1de,71-5912941,41-2457052,67183275fc13ae41dd22d1df,1/4/2024,$63.74
67183275fc13ae41dd22d1e0,94-1866914,26-8236967,67183275fc13ae41dd22d1e1,8/8/2024,$75.45
67183275fc13ae41dd22d1e2,92-2050271,12-0267365,67183275fc13ae41dd22d1e3,7/8/2024,$76.58
67183275fc13ae41dd22d1e4,38-4311466,03-6594685,67183275fc13ae41dd22d1e5,1/23/2024,$55.40
67183275fc13ae41dd22d1e6,54-8169886,97-1244499,67183275fc13ae41dd22d1e7,3/24/2024,$33.25
67183275fc13ae41dd22d1e8,08-1602813,82-9691140,67183275fc13ae41dd22d1e9,8/26/2024,$11.06
67183275fc13ae41dd22d1ea,94-2785423,89-4689632,67183275fc13ae41dd22d1eb,5/25/2024,$38.25
67183275fc13ae41dd22d1ec,34-0523114,60-7152181,67183275fc13ae41dd22d1ed,4/24/2024,$21.91
67183275fc13ae41dd22d1ee,89-3676079,71-3890913,67183275fc13ae41dd22d1ef,9/3/2024,$55.56
67183275fc13ae41dd22d1f0,33-5280729,91-6838533,67183275fc13ae41dd22d1f1,12/13/2023,$21.11
67183275fc13ae41dd22d1f2,72-0968494,56-5582316,67183275fc13ae41dd22d1f3,3/28/2024,$55.10
67183275fc13ae41dd22d1f4,96-1456575,30-5548599,67183275fc13ae41dd22d1f5,3/26/2024,$11.71
67183275fc13ae41dd22d1f6,76-6857358,43-6464080,67183275fc13ae41dd22d1f7,2/13/2024,$39.32
67183275fc13ae41dd22d1f8,46-5354670,08-1009931,67183275fc13ae41dd22d1f9,9/5/2024,$29.67
67183275fc13ae41dd22d1fa,11-8607471,69-4916090,67183275fc13ae41dd22d1fb,5/20/2024,$47.55
67183275fc13ae41dd22d1fc,85-5607880,19-5673874,67183275fc13ae41dd22d1fd,12/29/2023,$35.71
67183275fc13ae41dd22d1fe,33-8829833,18-2178179,67183275fc13ae41dd22d1ff,12/19/2023,$57.51
67183275fc13ae41dd22d200,63-1878367,57-6764400,67183275fc13ae41dd22d201,2/11/2024,$1.09
67183275fc13ae41dd22d202,96-6071434,01-2106205,67183275fc13ae41dd22d203,7/6/2024,$47.70
67183275fc13ae41dd22d204,20-0104792,40-0335091,67183275fc13ae41dd22d205,2/7/2024,$29.13
67183275fc13ae41dd22d206,06-8000802,04-1619027,67183275fc13ae41dd22d207,9/12/2024,$17.78
67183275fc13ae41dd22d208,98-7103578,76-1076453,67183275fc13ae41dd22d209,3/18/2024,$11.49
67183275fc13ae41dd22d20a,95-1608336,78-6358506,67183275fc13ae41dd22d20b,2/3/2024,$69.68
67183275fc13ae41dd22d20c,15-5201809,06-4838436,67183275fc13ae41dd22d20d,12/19/2023,$18.65
67183275fc13ae41dd22d20e,20-4683865,75-0152623,67183275fc13ae41dd22d20f,4/13/2024,$76.51
67183275fc13ae41dd22d210,58-7376349,74-5520123,67183275fc13ae41dd22d211,2/11/2024,$65.09
67183275fc13ae41dd22d212,04-7909214,30-5047544,67183275fc13ae41dd22d213,5/29/2024,$28.73
67183275fc13ae41dd22d214,19-8108085,12-1424098,67183275fc13ae41dd22d215,8/22/2024,$72.70
67183275fc13ae41dd22d216,32-8800076,46-2852698,67183275fc13ae41dd22d217,9/26/2024,$5.32
67183275fc13ae41dd22d218,52-8017934,09-5479284,67183275fc13ae41dd22d219,10/12/2024,$68.22
67183275fc13ae41dd22d21a,73-2218722,51-7162148,67183275fc13ae41dd22d21b,8/28/2024,$33.45
67183275fc13ae41dd22d21c,45-8985465,36-1108213,67183275fc13ae41dd22d21d,4/8/2024,$63.56
67183275fc13ae41dd22d21e,38-2777322,64-1776499,67183275fc13ae41dd22d21f,4/4/2024,$57.77
67183275fc13ae41dd22d220,60-1725465,78-7196394,67183275fc13ae41dd22d221,4/20/2024,$77.86
67183275fc13ae41dd22d222,05-7208605,02-6765674,67183275fc13ae41dd22d223,7/14/2024,$48.13
67183275fc13ae41dd22d224,99-6294978,94-0531622,67183275fc13ae41dd22d225,8/1/2024,$70.65
67183275fc13ae41dd22d226,30-9184511,16-5270075,67183275fc13ae41dd22d227,7/4/2024,$26.97
67183275fc13ae41dd22d228,15-8486726,03-1991238,67183275fc13ae41dd22d229,10/7/2024,$10.97
67183275fc13ae41dd22d22a,77-7117242,38-5721007,67183275fc13ae41dd22d22b,5/17/2024,$52.78
67183275fc13ae41dd22d22c,80-5464538,14-5012680,67183275fc13ae41dd22d22d,2/8/2024,$56.73
67183275fc13ae41dd22d22e,22-7974705,05-5100326,67183275fc13ae41dd22d22f,11/5/2023,$83.11
67183275fc13ae41dd22d230,23-9424555,40-7935969,67183275fc13ae41dd22d231,4/17/2024,$55.14
67183275fc13ae41dd22d232,77-1634304,91-2590882,67183275fc13ae41dd22d233,10/21/2024,$89.99
67183275fc13ae41dd22d234,98-3532776,40-7634736,67183275fc13ae41dd22d235,3/26/2024,$23.07
67183275fc13ae41dd22d236,74-0035378,39-5194109,67183275fc13ae41dd22d237,8/21/2024,$4.47
67183275fc13ae41dd22d238,31-3458680,44-9356571,67183275fc13ae41dd22d239,6/5/2024,$87.20
67183275fc13ae41dd22d23a,95-3437606,63-6799166,67183275fc13ae41dd22d23b,1/9/2024,$4.74
67183275fc13ae41dd22d23c,93-2950093,27-7602137,67183275fc13ae41dd22d23d,7/1/2024,$57.31
67183275fc13ae41dd22d23e,06-3738483,77-8409686,67183275fc13ae41dd22d23f,4/20/2024,$97.92
67183275fc13ae41dd22d240,73-5004763,07-4752395,67183275fc13ae41dd22d241,1/3/2024,$30.13
67183275fc13ae41dd22d242,44-9657509,66-9234409,67183275fc13ae41dd22d243,6/3/2024,$29.03
67183275fc13ae41dd22d244,36-7479060,05-5921467,67183275fc13ae41dd22d245,12/15/2023,$43.07
67183275fc13ae41dd22d246,49-9874231,42-6106747,67183275fc13ae41dd22d247,1/16/2024,$87.02
67183275fc13ae41dd22d248,78-4072753,41-1551671,67183275fc13ae41dd22d249,11/9/2023,$60.08
67183275fc13ae41dd22d24a,18-3204709,45-2049336,67183275fc13ae41dd22d24b,4/15/2024,$16.42
67183275fc13ae41dd22d24c,91-7212383,71-3294012,67183275fc13ae41dd22d24d,7/13/2024,$79.79
67183275fc13ae41dd22d24e,21-6920208,82-8199841,67183275fc13ae41dd22d24f,5/13/2024,$30.54
67183275fc13ae41dd22d250,70-3905528,37-6095362,67183275fc13ae41dd22d251,11/28/2023,$14.66
67183275fc13ae41dd22d252,00-6234377,15-2394844,67183275fc13ae41dd22d253,11/29/2023,$83.80
67183275fc13ae41dd22d254,39-3946986,91-6723245,67183275fc13ae41dd22d255,9/29/2024,$22.74
67183275fc13ae41dd22d256,67-4315275,61-7294066,67183275fc13ae41dd22d257,6/14/2024,$93.23
67183275fc13ae41dd22d258,37-2801799,59-4316146,67183275fc13ae41dd22d259,5/17/2024,$33.97
67183275fc13ae41dd22d25a,87-1131831,48-6519914,67183275fc13ae41dd22d25b,10/21/2024,$3.81
67183275fc13ae41dd22d25c,15-8137851,33-7917374,67183275fc13ae41dd22d25d,10/9/2024,$81.76
67183275fc13ae41dd22d25e,21-7918707,24-6631603,67183275fc13ae41dd22d25f,6/1/2024,$14.87
67183275fc13ae41dd22d260,36-0426438,49-3568641,67183275fc13ae41dd22d261,3/20/2024,$52.94
67183275fc13ae41dd22d262,48-4790276,23-1550465,67183275fc13ae41dd22d263,8/22/2024,$22.19
67183275fc13ae41dd22d264,90-6160145,42-1998788,67183275fc13ae41dd22d265,11/20/2023,$45.70
67183275fc13ae41dd22d266,03-9839059,69-1485728,67183275fc13ae41dd22d267,6/23/2024,$15.85
67183275fc13ae41dd22d268,65-4684785,80-9546405,67183275fc13ae41dd22d269,9/1/2024,$64.36
67183275fc13ae41dd22d26a,58-3679676,31-7261545,67183275fc13ae41dd22d26b,5/21/2024,$95.08
67183275fc13ae41dd22d26c,42-4447115,64-3848716,67183275fc13ae41dd22d26d,9/24/2024,$82.00
67183275fc13ae41dd22d26e,84-0791407,03-4994515,67183275fc13ae41dd22d26f,11/10/2023,$5.38
67183275fc13ae41dd22d270,44-2039991,37-6932779,67183275fc13ae41dd22d271,9/27/2024,$48.00
67183275fc13ae41dd22d272,40-2608038,55-5609291,67183275fc13ae41dd22d273,12/27/2023,$98.48
67183275fc13ae41dd22d274,30-7506957,18-3069211,67183275fc13ae41dd22d275,4/1/2024,$88.77
67183275fc13ae41dd22d276,69-6585725,84-4217700,67183275fc13ae41dd22d277,2/5/2024,$19.39
67183275fc13ae41dd22d278,77-6848267,24-5953404,67183275fc13ae41dd22d279,3/13/2024,$61.88
67183275fc13ae41dd22d27a,40-6491934,29-8465662,67183275fc13ae41dd22d27b,2/26/2024,$91.55
67183275fc13ae41dd22d27c,07-1722419,03-5137599,67183275fc13ae41dd22d27d,9/8/2024,$15.72
67183275fc13ae41dd22d27e,90-0784586,52-8087393,67183275fc13ae41dd22d27f,8/3/2024,$97.65
67183275fc13ae41dd22d280,38-5793976,95-0797854,67183275fc13ae41dd22d281,7/20/2024,$8.94
67183275fc13ae41dd22d282,87-7812985,75-9524933,67183275fc13ae41dd22d283,10/14/2024,$28.82
67183275fc13ae41dd22d284,66-2086985,88-2379467,67183275fc13ae41dd22d285,6/26/2024,$4.62
67183275fc13ae41dd22d286,71-0485122,11-6184740,67183275fc13ae41dd22d287,12/8/2023,$71.26
67183275fc13ae41dd22d288,00-2627390,95-7927432,67183275fc13ae41dd22d289,12/22/2023,$40.04
67183275fc13ae41dd22d28a,58-7363621,68-7799898,67183275fc13ae41dd22d28b,11/6/2023,$63.07
67183275fc13ae41dd22d28c,68-0143046,04-1857696,67183275fc13ae41dd22d28d,3/11/2024,$88.41
67183275fc13ae41dd22d28e,29-8660013,12-6055892,67183275fc13ae41dd22d28f,8/7/2024,$1.89
67183275fc13ae41dd22d290,17-6207315,56-9535437,67183275fc13ae41dd22d291,5/22/2024,$68.83
67183275fc13ae41dd22d292,59-9411333,82-9776702,67183275fc13ae41dd22d293,6/28/2024,$66.62
67183275fc13ae41dd22d294,53-0835538,75-6284177,67183275fc13ae41dd22d295,4/19/2024,$38.74
67183275fc13ae41dd22d296,51-4754849,21-2216292,67183275fc13ae41dd22d297,3/10/2024,$27.74
67183275fc13ae41dd22d298,38-3495045,79-9766718,67183275fc13ae41dd22d299,2/16/2024,$53.83
67183275fc13ae41dd22d29a,13-9131903,61-0892474,67183275fc13ae41dd22d29b,2/15/2024,$43.97
67183275fc13ae41dd22d29c,18-6089580,01-4586673,67183275fc13ae41dd22d29d,5/10/2024,$84.21
67183275fc13ae41dd22d29e,75-7123245,22-9597077,67183275fc13ae41dd22d29f,10/22/2023,$54.60
67183275fc13ae41dd22d2a0,17-2180907,51-3919317,67183275fc13ae41dd22d2a1,8/29/2024,$49.43
67183275fc13ae41dd22d2a2,61-2755811,79-0109940,67183275fc13ae41dd22d2a3,12/14/2023,$57.66
67183275fc13ae41dd22d2a4,58-8910483,98-7538807,67183275fc13ae41dd22d2a5,9/27/2024,$3.57
67183275fc13ae41dd22d2a6,75-5661647,20-6262149,67183275fc13ae41dd22d2a7,6/29/2024,$57.93
67183275fc13ae41dd22d2a8,18-1548648,19-0926015,67183275fc13ae41dd22d2a9,6/3/2024,$72.09
67183275fc13ae41dd22d2aa,07-4867642,10-7394262,67183275fc13ae41dd22d2ab,12/27/2023,$37.90
67183275fc13ae41dd22d2ac,97-0456252,21-8558751,67183275fc13ae41dd22d2ad,1/14/2024,$23.86
67183275fc13ae41dd22d2ae,96-2356522,88-5470299,67183275fc13ae41dd22d2af,10/28/2023,$29.24
67183275fc13ae41dd22d2b0,30-9589487,76-5351367,67183275fc13ae41dd22d2b1,3/2/2024,$66.82
67183275fc13ae41dd22d2b2,33-5430715,80-0690575,67183275fc13ae41dd22d2b3,3/25/2024,$5.31
67183275fc13ae41dd22d2b4,18-7158019,73-0746581,67183275fc13ae41dd22d2b5,11/26/2023,$37.77
67183275fc13ae41dd22d2b6,86-9930398,27-9726266,67183275fc13ae41dd22d2b7,11/13/2023,$16.09
67183275fc13ae41dd22d2b8,94-8943875,03-5553153,67183275fc13ae41dd22d2b9,12/20/2023,$69.04
67183275fc13ae41dd22d2ba,68-1084082,68-8750005,67183275fc13ae41dd22d2bb,12/24/2023,$45.50
67183275fc13ae41dd22d2bc,21-8366551,27-9320895,67183275fc13ae41dd22d2bd,11/11/2023,$90.10
67183275fc13ae41dd22d2be,03-6623940,24-3437761,67183275fc13ae41dd22d2bf,8/17/2024,$3.30
67183275fc13ae41dd22d2c0,61-6966329,70-7279091,67183275fc13ae41dd22d2c1,3/1/2024,$73.19
67183275fc13ae41dd22d2c2,92-6492272,94-7373549,67183275fc13ae41dd22d2c3,6/11/2024,$38.92
67183275fc13ae41dd22d2c4,44-7859865,68-4158622,67183275fc13ae41dd22d2c5,6/18/2024,$35.07
67183275fc13ae41dd22d2c6,48-1583730,20-5797354,67183275fc13ae41dd22d2c7,6/28/2024,$16.70
67183275fc13ae41dd22d2c8,97-7456286,73-5220834,67183275fc13ae41dd22d2c9,5/31/2024,$67.96
67183275fc13ae41dd22d2ca,59-2491945,20-9754499,67183275fc13ae41dd22d2cb,8/21/2024,$7.17
67183275fc13ae41dd22d2cc,39-0064439,53-1252670,67183275fc13ae41dd22d2cd,12/21/2023,$78.65
67183275fc13ae41dd22d2ce,39-7315354,43-9595177,67183275fc13ae41dd22d2cf,5/30/2024,$65.31
67183275fc13ae41dd22d2d0,73-4620951,97-0468248,67183275fc13ae41dd22d2d1,11/23/2023,$56.15
67183275fc13ae41dd22d2d2,62-8760444,44-0004292,67183275fc13ae41dd22d2d3,5/29/2024,$75.93
67183275fc13ae41dd22d2d4,00-3780418,97-8535539,67183275fc13ae41dd22d2d5,8/26/2024,$12.19
67183275fc13ae41dd22d2d6,95-4083417,08-4351831,67183275fc13ae41dd22d2d7,5/2/2024,$41.92
67183275fc13ae41dd22d2d8,27-0248999,99-5347265,67183275fc13ae41dd22d2d9,8/8/2024,$37.01
67183275fc13ae41dd22d2da,20-5791762,56-8962875,67183275fc13ae41dd22d2db,5/23/2024,$69.94
67183275fc13ae41dd22d2dc,82-2506939,37-8747913,67183275fc13ae41dd22d2dd,7/30/2024,$74.36
67183275fc13ae41dd22d2de,31-5235346,73-3833123,67183275fc13ae41dd22d2df,4/26/2024,$46.36
67183275fc13ae41dd22d2e0,23-2732413,76-7077999,67183275fc13ae41dd22d2e1,10/26/2023,$94.68
67183275fc13ae41dd22d2e2,66-6276920,94-2572847,67183275fc13ae41dd22d2e3,9/26/2024,$71.99
67183275fc13ae41dd22d2e4,02-5024321,52-7419103,67183275fc13ae41dd22d2e5,7/26/2024,$50.34
67183275fc13ae41dd22d2e6,94-5019505,87-5391104,67183275fc13ae41dd22d2e7,1/8/2024,$5.85
67183275fc13ae41dd22d2e8,30-7543288,87-2261612,67183275fc13ae41dd22d2e9,10/6/2024,$30.01
67183275fc13ae41dd22d2ea,81-2622186,07-3274987,67183275fc13ae41dd22d2eb,1/8/2024,$47.37
67183275fc13ae41dd22d2ec,35-9327875,05-9331002,67183275fc13ae41dd22d2ed,5/7/2024,$41.81
67183275fc13ae41dd22d2ee,02-1199429,36-2458034,67183275fc13ae41dd22d2ef,1/27/2024,$49.71
67183275fc13ae41dd22d2f0,76-8881342,97-0393595,67183275fc13ae41dd22d2f1,8/31/2024,$26.30
67183275fc13ae41dd22d2f2,92-6227211,49-6414194,67183275fc13ae41dd22d2f3,5/29/2024,$70.05
67183275fc13ae41dd22d2f4,89-7999464,71-1581691,67183275fc13ae41dd22d2f5,8/4/2024,$88.81
67183275fc13ae41dd22d2f6,10-7686086,39-5403089,67183275fc13ae41dd22d2f7,8/9/2024,$27.48
67183275fc13ae41dd22d2f8,99-9531233,19-2867275,67183275fc13ae41dd22d2f9,12/9/2023,$87.40
67183275fc13ae41dd22d2fa,18-3562971,63-6610355,67183275fc13ae41dd22d2fb,5/11/2024,$37.94
67183275fc13ae41dd22d2fc,02-5093588,28-8316249,67183275fc13ae41dd22d2fd,12/7/2023,$50.09
67183275fc13ae41dd22d2fe,63-3835802,81-5107131,67183275fc13ae41dd22d2ff,4/30/2024,$37.91
67183275fc13ae41dd22d300,21-2387994,54-3504993,67183275fc13ae41dd22d301,4/30/2024,$11.42
67183275fc13ae41dd22d302,48-5176458,75-2001211,67183275fc13ae41dd22d303,9/30/2024,$66.41
67183275fc13ae41dd22d304,05-3387372,50-7918927,67183275fc13ae41dd22d305,8/1/2024,$75.15
67183275fc13ae41dd22d306,77-0335876,55-1197633,67183275fc13ae41dd22d307,7/28/2024,$22.25
67183275fc13ae41dd22d308,00-8797770,72-4666976,67183275fc13ae41dd22d309,3/13/2024,$54.48
67183275fc13ae41dd22d30a,74-2588263,03-3039127,67183275fc13ae41dd22d30b,4/4/2024,$87.12
67183275fc13ae41dd22d30c,51-3916784,52-0063694,67183275fc13ae41dd22d30d,10/8/2024,$12.41
67183275fc13ae41dd22d30e,78-8126393,60-1620172,67183275fc13ae41dd22d30f,5/26/2024,$43.60
67183275fc13ae41dd22d310,06-5246172,67-9124903,67183275fc13ae41dd22d311,9/27/2024,$88.36
67183275fc13ae41dd22d312,37-2848995,29-9132276,67183275fc13ae41dd22d313,5/17/2024,$18.43
67183275fc13ae41dd22d314,23-5512739,54-5641380,67183275fc13ae41dd22d315,8/22/2024,$46.52
67183275fc13ae41dd22d316,59-8137265,39-3476317,67183275fc13ae41dd22d317,8/13/2024,$58.91
67183275fc13ae41dd22d318,36-5784465,29-9724739,67183275fc13ae41dd22d319,2/25/2024,$34.91
67183275fc13ae41dd22d31a,36-6534857,54-8761880,67183275fc13ae41dd22d31b,8/29/2024,$44.12
67183275fc13ae41dd22d31c,75-6793372,06-3708452,67183275fc13ae41dd22d31d,4/12/2024,$15.97
67183275fc13ae41dd22d31e,58-6848990,19-8143935,67183275fc13ae41dd22d31f,7/25/2024,$24.69
67183275fc13ae41dd22d320,82-6365548,88-4523197,67183275fc13ae41dd22d321,2/23/2024,$9.54
67183275fc13ae41dd22d322,34-8329455,59-4621108,67183275fc13ae41dd22d323,7/8/2024,$89.99
67183275fc13ae41dd22d324,67-2766006,49-9800427,67183275fc13ae41dd22d325,8/21/2024,$94.53
67183275fc13ae41dd22d326,94-4494139,11-1965699,67183275fc13ae41dd22d327,4/29/2024,$57.38
67183275fc13ae41dd22d328,07-6884619,62-8508473,67183275fc13ae41dd22d329,2/8/2024,$10.40
67183275fc13ae41dd22d32a,95-1602630,35-6382340,67183275fc13ae41dd22d32b,1/21/2024,$11.38
67183275fc13ae41dd22d32c,16-2299296,78-7687857,67183275fc13ae41dd22d32d,9/4/2024,$42.66
67183275fc13ae41dd22d32e,31-0498621,45-0451205,67183275fc13ae41dd22d32f,6/1/2024,$27.67
67183275fc13ae41dd22d330,15-0502106,55-9995440,67183275fc13ae41dd22d331,12/24/2023,$13.31
67183275fc13ae41dd22d332,16-1470144,67-5457147,67183275fc13ae41dd22d333,4/15/2024,$38.68
67183275fc13ae41dd22d334,58-3355262,55-4663380,67183275fc13ae41dd22d335,11/4/2023,$94.85
67183275fc13ae41dd22d336,35-7744091,94-5191711,67183275fc13ae41dd22d337,2/28/2024,$81.55
67183275fc13ae41dd22d338,26-6339973,06-8067439,67183275fc13ae41dd22d339,10/10/2024,$37.77
67183275fc13ae41dd22d33a,83-1571659,08-8034069,67183275fc13ae41dd22d33b,8/18/2024,$43.27
67183275fc13ae41dd22d33c,74-6486479,72-4783711,67183275fc13ae41dd22d33d,2/19/2024,$92.52
67183275fc13ae41dd22d33e,91-2406284,09-1295243,67183275fc13ae41dd22d33f,11/9/2023,$77.50
67183275fc13ae41dd22d340,50-8810276,82-9720746,67183275fc13ae41dd22d341,2/9/2024,$28.02
67183275fc13ae41dd22d342,75-3334006,91-8636871,67183275fc13ae41dd22d343,5/10/2024,$41.33
67183275fc13ae41dd22d344,18-9107461,98-0181310,67183275fc13ae41dd22d345,7/20/2024,$41.73
67183275fc13ae41dd22d346,80-3296312,94-4763804,67183275fc13ae41dd22d347,3/31/2024,$92.44
67183275fc13ae41dd22d348,44-1700628,67-2889086,67183275fc13ae41dd22d349,8/13/2024,$34.53
67183275fc13ae41dd22d34a,87-6190017,31-2988090,67183275fc13ae41dd22d34b,1/14/2024,$15.20
67183275fc13ae41dd22d34c,40-2373171,85-3003215,67183275fc13ae41dd22d34d,9/30/2024,$96.68
67183275fc13ae41dd22d34e,52-6983628,29-6993527,67183275fc13ae41dd22d34f,7/22/2024,$4.36
67183275fc13ae41dd22d350,40-4735438,84-1662142,67183275fc13ae41dd22d351,2/22/2024,$11.80
67183275fc13ae41dd22d352,17-7539726,39-5821586,67183275fc13ae41dd22d353,10/19/2024,$29.55
67183275fc13ae41dd22d354,03-7345325,79-7546834,67183275fc13ae41dd22d355,7/13/2024,$34.12
67183275fc13ae41dd22d356,19-3968787,39-0660048,67183275fc13ae41dd22d357,1/1/2024,$31.50
67183275fc13ae41dd22d358,01-9162055,42-8389981,67183275fc13ae41dd22d359,2/6/2024,$19.85
67183275fc13ae41dd22d35a,93-4508206,89-1932481,67183275fc13ae41dd22d35b,4/7/2024,$30.78
67183275fc13ae41dd22d35c,81-6769547,83-0467159,67183275fc13ae41dd22d35d,8/6/2024,$90.86
67183275fc13ae41dd22d35e,23-0740746,43-0938361,67183275fc13ae41dd22d35f,7/28/2024,$49.91
67183275fc13ae41dd22d360,27-7431987,98-4598611,67183275fc13ae41dd22d361,4/19/2024,$9.77
67183275fc13ae41dd22d362,31-0076637,23-8319383,67183275fc13ae41dd22d363,1/10/2024,$56.60
67183275fc13ae41dd22d364,48-8714587,39-5931507,67183275fc13ae41dd22d365,9/30/2024,$28.08
67183275fc13ae41dd22d366,42-9024086,72-2550545,67183275fc13ae41dd22d367,3/7/2024,$32.02
67183275fc13ae41dd22d368,67-8013839,15-7579496,67183275fc13ae41dd22d369,4/20/2024,$7.98
67183275fc13ae41dd22d36a,60-8071200,14-0817441,67183275fc13ae41dd22d36b,6/24/2024,$54.26
67183275fc13ae41dd22d36c,26-4675228,00-8329955,67183275fc13ae41dd22d36d,2/5/2024,$62.88
67183275fc13ae41dd22d36e,76-8281894,05-0150627,67183275fc13ae41dd22d36f,5/10/2024,$50.59
67183275fc13ae41dd22d370,22-6484970,76-6272399,67183275fc13ae41dd22d371,5/4/2024,$11.65
67183275fc13ae41dd22d372,84-2954981,83-5473763,67183275fc13ae41dd22d373,7/22/2024,$4.08
67183275fc13ae41dd22d374,69-2379900,90-8989634,67183275fc13ae41dd22d375,2/8/2024,$84.00
67183275fc13ae41dd22d376,72-2047090,88-3729322,67183275fc13ae41dd22d377,4/27/2024,$32.21
67183275fc13ae41dd22d378,68-4020295,49-7447313,67183275fc13ae41dd22d379,5/13/2024,$11.53
67183275fc13ae41dd22d37a,95-5287315,75-2486565,67183275fc13ae41dd22d37b,6/13/2024,$5.33
67183275fc13ae41dd22d37c,62-6910723,20-9110874,67183275fc13ae41dd22d37d,9/29/2024,$76.52
67183275fc13ae41dd22d37e,39-9511193,83-0394837,67183275fc13ae41dd22d37f,6/21/2024,$57.30
67183275fc13ae41dd22d380,61-3890448,36-8725457,67183275fc13ae41dd22d381,6/7/2024,$85.93
67183275fc13ae41dd22d382,04-9499038,95-2348835,67183275fc13ae41dd22d383,9/27/2024,$55.09
67183275fc13ae41dd22d384,02-5982216,45-2937223,67183275fc13ae41dd22d385,11/26/2023,$36.11
67183275fc13ae41dd22d386,11-4153940,84-8240249,67183275fc13ae41dd22d387,3/4/2024,$80.56
67183275fc13ae41dd22d388,74-8221435,28-7316683,67183275fc13ae41dd22d389,9/26/2024,$55.98
67183275fc13ae41dd22d38a,83-2802295,55-3853232,67183275fc13ae41dd22d38b,10/8/2024,$26.80
67183275fc13ae41dd22d38c,70-1162136,66-7169792,67183275fc13ae41dd22d38d,4/8/2024,$59.98
67183275fc13ae41dd22d38e,38-4786271,79-0139218,67183275fc13ae41dd22d38f,5/12/2024,$33.55
67183275fc13ae41dd22d390,86-3595374,29-3897464,67183275fc13ae41dd22d391,2/12/2024,$73.34
67183275fc13ae41dd22d392,43-3443635,06-2659786,67183275fc13ae41dd22d393,3/21/2024,$21.77
67183275fc13ae41dd22d394,52-5883682,46-1278259,67183275fc13ae41dd22d395,10/2/2024,$84.56
67183275fc13ae41dd22d396,49-3115125,46-9932259,67183275fc13ae41dd22d397,10/20/2024,$60.10
67183275fc13ae41dd22d398,65-2321914,33-5877885,67183275fc13ae41dd22d399,12/19/2023,$81.75
67183275fc13ae41dd22d39a,62-4373178,96-5500401,67183275fc13ae41dd22d39b,3/20/2024,$50.28
67183275fc13ae41dd22d39c,06-5642760,07-2487193,67183275fc13ae41dd22d39d,10/20/2024,$0.93
67183275fc13ae41dd22d39e,91-9836595,43-8269180,67183275fc13ae41dd22d39f,12/29/2023,$26.15
67183275fc13ae41dd22d3a0,73-5589651,82-6403777,67183275fc13ae41dd22d3a1,11/27/2023,$35.68
67183275fc13ae41dd22d3a2,16-5400986,12-7215888,67183275fc13ae41dd22d3a3,1/6/2024,$46.35
67183275fc13ae41dd22d3a4,84-7831502,13-1362796,67183275fc13ae41dd22d3a5,12/25/2023,$59.99
67183275fc13ae41dd22d3a6,59-8370474,59-0329584,67183275fc13ae41dd22d3a7,6/15/2024,$82.08
67183275fc13ae41dd22d3a8,64-7473512,61-2843736,67183275fc13ae41dd22d3a9,8/13/2024,$70.29
67183275fc13ae41dd22d3aa,49-2573309,42-6246060,67183275fc13ae41dd22d3ab,10/6/2024,$85.49
67183275fc13ae41dd22d3ac,06-7627137,68-7871803,67183275fc13ae41dd22d3ad,10/31/2023,$95.46
67183275fc13ae41dd22d3ae,28-3865278,48-0018128,67183275fc13ae41dd22d3af,10/10/2024,$0.80
67183275fc13ae41dd22d3b0,25-2135125,77-3879053,67183275fc13ae41dd22d3b1,12/19/2023,$91.88
67183275fc13ae41dd22d3b2,24-0265117,11-9925915,67183275fc13ae41dd22d3b3,4/8/2024,$91.00
67183275fc13ae41dd22d3b4,41-4507689,15-4313676,67183275fc13ae41dd22d3b5,4/1/2024,$5.85
67183275fc13ae41dd22d3b6,76-3607134,10-4274851,67183275fc13ae41dd22d3b7,2/11/2024,$11.03
67183275fc13ae41dd22d3b8,09-6716481,96-4867773,67183275fc13ae41dd22d3b9,5/15/2024,$26.82
67183275fc13ae41dd22d3ba,11-3182967,64-7875935,67183275fc13ae41dd22d3bb,8/30/2024,$44.32
67183275fc13ae41dd22d3bc,50-3138071,67-9696656,67183275fc13ae41dd22d3bd,9/21/2024,$84.88
67183275fc13ae41dd22d3be,33-6290739,78-8078025,67183275fc13ae41dd22d3bf,4/17/2024,$95.66
67183275fc13ae41dd22d3c0,34-2574403,33-3861578,67183275fc13ae41dd22d3c1,10/27/2023,$67.05
67183275fc13ae41dd22d3c2,18-9612346,26-0684523,67183275fc13ae41dd22d3c3,12/2/2023,$29.74
67183275fc13ae41dd22d3c4,53-9563707,62-8652818,67183275fc13ae41dd22d3c5,2/29/2024,$60.19
67183275fc13ae41dd22d3c6,71-7292934,84-4384441,67183275fc13ae41dd22d3c7,12/27/2023,$91.71
67183275fc13ae41dd22d3c8,96-6585702,09-6368652,67183275fc13ae41dd22d3c9,12/17/2023,$78.35
67183275fc13ae41dd22d3ca,37-6537127,04-0732316,67183275fc13ae41dd22d3cb,10/31/2023,$18.74
67183275fc13ae41dd22d3cc,20-5952003,99-4607347,67183275fc13ae41dd22d3cd,7/8/2024,$38.96
67183275fc13ae41dd22d3ce,99-4787049,75-9885151,67183275fc13ae41dd22d3cf,3/1/2024,$77.21
67183275fc13ae41dd22d3d0,88-3721080,02-4991022,67183275fc13ae41dd22d3d1,8/20/2024,$1.02
67183275fc13ae41dd22d3d2,78-5033149,16-5375962,67183275fc13ae41dd22d3d3,3/20/2024,$62.78
67183275fc13ae41dd22d3d4,62-7446842,99-9697272,67183275fc13ae41dd22d3d5,9/30/2024,$57.01
67183275fc13ae41dd22d3d6,00-6937237,36-1720558,67183275fc13ae41dd22d3d7,9/13/2024,$60.75
67183275fc13ae41dd22d3d8,75-9703336,57-1269529,67183275fc13ae41dd22d3d9,4/6/2024,$6.64
67183275fc13ae41dd22d3da,08-1285594,27-3618858,67183275fc13ae41dd22d3db,3/9/2024,$8.51
67183275fc13ae41dd22d3dc,19-8932616,80-5172610,67183275fc13ae41dd22d3dd,7/29/2024,$20.44
67183275fc13ae41dd22d3de,37-4046582,71-4179822,67183275fc13ae41dd22d3df,2/23/2024,$74.54
67183275fc13ae41dd22d3e0,83-9233657,12-2528051,67183275fc13ae41dd22d3e1,3/24/2024,$64.16
67183275fc13ae41dd22d3e2,29-5186496,01-2032396,67183275fc13ae41dd22d3e3,4/5/2024,$85.92
67183275fc13ae41dd22d3e4,41-2155579,39-5846122,67183275fc13ae41dd22d3e5,4/9/2024,$23.46
67183275fc13ae41dd22d3e6,67-6704909,78-7669143,67183275fc13ae41dd22d3e7,7/24/2024,$81.52
67183275fc13ae41dd22d3e8,63-1235607,12-1288084,67183275fc13ae41dd22d3e9,1/1/2024,$58.60
67183275fc13ae41dd22d3ea,85-8394540,49-7823023,67183275fc13ae41dd22d3eb,12/25/2023,$0.95
67183275fc13ae41dd22d3ec,23-1867431,76-4667398,67183275fc13ae41dd22d3ed,1/16/2024,$33.53
67183275fc13ae41dd22d3ee,15-8247849,97-0034109,67183275fc13ae41dd22d3ef,10/11/2024,$84.55
67183275fc13ae41dd22d3f0,12-7700383,65-1696999,67183275fc13ae41dd22d3f1,4/21/2024,$81.45
67183275fc13ae41dd22d3f2,90-7407323,15-4095807,67183275fc13ae41dd22d3f3,1/14/2024,$67.66
67183275fc13ae41dd22d3f4,93-9342541,67-4593584,67183275fc13ae41dd22d3f5,10/17/2024,$66.52
67183275fc13ae41dd22d3f6,88-1705082,06-5799738,67183275fc13ae41dd22d3f7,10/16/2024,$76.62
67183275fc13ae41dd22d3f8,73-8374744,52-9744212,67183275fc13ae41dd22d3f9,2/8/2024,$96.54
67183275fc13ae41dd22d3fa,66-7889375,97-5620436,67183275fc13ae41dd22d3fb,2/22/2024,$32.92
67183275fc13ae41dd22d3fc,89-1285316,79-2803931,67183275fc13ae41dd22d3fd,4/28/2024,$52.35
67183275fc13ae41dd22d3fe,96-1497625,04-9662807,67183275fc13ae41dd22d3ff,5/19/2024,$44.79
67183275fc13ae41dd22d400,88-7850169,53-3596219,67183275fc13ae41dd22d401,10/7/2024,$87.40
67183275fc13ae41dd22d402,41-4107965,98-8052457,67183275fc13ae41dd22d403,10/22/2023,$96.28
67183275fc13ae41dd22d404,45-0667220,41-6323665,67183275fc13ae41dd22d405,10/2/2024,$2.88
67183275fc13ae41dd22d406,53-5103443,48-3206636,67183275fc13ae41dd22d407,11/6/2023,$28.11
67183275fc13ae41dd22d408,12-3113127,85-3026890,67183275fc13ae41dd22d409,11/13/2023,$17.50
67183275fc13ae41dd22d40a,57-0841549,11-7630003,67183275fc13ae41dd22d40b,5/13/2024,$88.15
67183275fc13ae41dd22d40c,92-8111226,19-5573870,67183275fc13ae41dd22d40d,9/5/2024,$37.43
67183275fc13ae41dd22d40e,88-7392657,99-6147985,67183275fc13ae41dd22d40f,6/11/2024,$83.91
67183275fc13ae41dd22d410,09-7196317,57-9381373,67183275fc13ae41dd22d411,3/13/2024,$4.58
67183275fc13ae41dd22d412,42-9020358,33-8205485,67183275fc13ae41dd22d413,4/15/2024,$57.11
67183275fc13ae41dd22d414,77-6381661,54-7755851,67183275fc13ae41dd22d415,12/25/2023,$45.60
67183275fc13ae41dd22d416,76-8300112,32-5097489,67183275fc13ae41dd22d417,12/12/2023,$40.52
67183275fc13ae41dd22d418,32-4657182,03-8227009,67183275fc13ae41dd22d419,9/10/2024,$16.85
67183275fc13ae41dd22d41a,18-5213364,76-9115988,67183275fc13ae41dd22d41b,6/14/2024,$35.08
67183275fc13ae41dd22d41c,44-6117768,48-4972485,67183275fc13ae41dd22d41d,9/16/2024,$35.74
67183275fc13ae41dd22d41e,09-9720278,06-6178419,67183275fc13ae41dd22d41f,5/26/2024,$5.76
67183275fc13ae41dd22d420,19-8228693,19-3691299,67183275fc13ae41dd22d421,9/14/2024,$54.29
67183275fc13ae41dd22d422,91-5833610,47-7364669,67183275fc13ae41dd22d423,7/24/2024,$2.35
67183275fc13ae41dd22d424,29-8518571,50-9237894,67183275fc13ae41dd22d425,9/6/2024,$60.96
67183275fc13ae41dd22d426,36-3502008,56-5362793,67183275fc13ae41dd22d427,9/16/2024,$25.33
67183275fc13ae41dd22d428,43-2860594,49-5960551,67183275fc13ae41dd22d429,8/1/2024,$55.06
67183275fc13ae41dd22d42a,73-1394496,04-0253996,67183275fc13ae41dd22d42b,1/9/2024,$18.65
67183275fc13ae41dd22d42c,61-9800858,29-6095815,67183275fc13ae41dd22d42d,8/31/2024,$37.09
67183275fc13ae41dd22d42e,52-5318158,89-3083627,67183275fc13ae41dd22d42f,8/7/2024,$1.34
67183275fc13ae41dd22d430,35-7287538,43-3460270,67183275fc13ae41dd22d431,8/17/2024,$52.62
67183275fc13ae41dd22d432,78-5871308,91-1844991,67183275fc13ae41dd22d433,1/29/2024,$35.71
67183275fc13ae41dd22d434,98-1579584,91-1326779,67183275fc13ae41dd22d435,1/20/2024,$25.44
67183275fc13ae41dd22d436,24-1057110,81-5376440,67183275fc13ae41dd22d437,9/1/2024,$93.68
67183275fc13ae41dd22d438,64-4267268,89-5593447,67183275fc13ae41dd22d439,7/12/2024,$85.09
67183275fc13ae41dd22d43a,78-6451717,93-5810093,67183275fc13ae41dd22d43b,10/26/2023,$92.19
67183275fc13ae41dd22d43c,63-1412444,87-0970832,67183275fc13ae41dd22d43d,5/4/2024,$31.14
67183275fc13ae41dd22d43e,21-6443026,92-2608775,67183275fc13ae41dd22d43f,4/21/2024,$45.05
67183275fc13ae41dd22d440,46-2014407,76-8056818,67183275fc13ae41dd22d441,7/6/2024,$88.51
67183275fc13ae41dd22d442,98-1826337,43-5178513,67183275fc13ae41dd22d443,4/22/2024,$59.62
67183275fc13ae41dd22d444,07-3408561,20-9305443,67183275fc13ae41dd22d445,12/17/2023,$42.20
67183275fc13ae41dd22d446,49-3930971,39-9526901,67183275fc13ae41dd22d447,9/29/2024,$63.16
67183275fc13ae41dd22d448,98-0898712,87-6723551,67183275fc13ae41dd22d449,5/23/2024,$99.43
67183275fc13ae41dd22d44a,92-9311976,14-0134826,67183275fc13ae41dd22d44b,2/8/2024,$13.91
67183275fc13ae41dd22d44c,80-0828812,93-0742281,67183275fc13ae41dd22d44d,8/16/2024,$92.61
67183275fc13ae41dd22d44e,29-6682133,03-0382543,67183275fc13ae41dd22d44f,1/26/2024,$26.73
67183275fc13ae41dd22d450,03-2724233,47-3321514,67183275fc13ae41dd22d451,10/9/2024,$87.68
67183275fc13ae41dd22d452,28-3399760,59-8576815,67183275fc13ae41dd22d453,5/26/2024,$79.75
67183275fc13ae41dd22d454,68-3323102,97-6348457,67183275fc13ae41dd22d455,4/25/2024,$1.55
67183275fc13ae41dd22d456,72-6940151,48-6365229,67183275fc13ae41dd22d457,10/2/2024,$34.13
67183275fc13ae41dd22d458,26-3901678,96-8615541,67183275fc13ae41dd22d459,10/16/2024,$69.82
67183275fc13ae41dd22d45a,62-7873897,17-4445036,67183275fc13ae41dd22d45b,12/16/2023,$92.21
67183275fc13ae41dd22d45c,64-2786118,64-2993161,67183275fc13ae41dd22d45d,8/23/2024,$39.22
67183275fc13ae41dd22d45e,17-2948768,94-2730337,67183275fc13ae41dd22d45f,8/21/2024,$48.93
67183275fc13ae41dd22d460,76-6364619,41-6675326,67183275fc13ae41dd22d461,3/14/2024,$82.12
67183275fc13ae41dd22d462,17-3463845,82-3148825,67183275fc13ae41dd22d463,5/21/2024,$63.61
67183275fc13ae41dd22d464,80-7507349,93-1793221,67183275fc13ae41dd22d465,9/10/2024,$91.60
67183275fc13ae41dd22d466,03-2756739,60-8956966,67183275fc13ae41dd22d467,9/7/2024,$9.36
67183275fc13ae41dd22d468,23-9456426,93-2514559,67183275fc13ae41dd22d469,8/5/2024,$10.01
67183275fc13ae41dd22d46a,92-8264478,20-7084884,67183275fc13ae41dd22d46b,5/30/2024,$44.64
67183275fc13ae41dd22d46c,30-8581597,07-5955311,67183275fc13ae41dd22d46d,1/13/2024,$27.37
67183275fc13ae41dd22d46e,89-9507932,95-0891999,67183275fc13ae41dd22d46f,10/14/2024,$69.12
67183275fc13ae41dd22d470,91-3317110,34-2442483,67183275fc13ae41dd22d471,11/2/2023,$5.62
67183275fc13ae41dd22d472,16-4771564,69-4486924,67183275fc13ae41dd22d473,7/24/2024,$18.33
67183275fc13ae41dd22d474,58-1831934,51-4262944,67183275fc13ae41dd22d475,1/20/2024,$73.14
67183275fc13ae41dd22d476,49-9918469,29-6933506,67183275fc13ae41dd22d477,5/17/2024,$18.14
67183275fc13ae41dd22d478,56-3662375,52-7036843,67183275fc13ae41dd22d479,3/23/2024,$3.00
67183275fc13ae41dd22d47a,76-9430363,72-1408334,67183275fc13ae41dd22d47b,5/2/2024,$57.39
67183275fc13ae41dd22d47c,96-8998735,91-8899097,67183275fc13ae41dd22d47d,4/17/2024,$64.02
67183275fc13ae41dd22d47e,74-6571783,26-5806945,67183275fc13ae41dd22d47f,9/17/2024,$80.17
67183275fc13ae41dd22d480,28-2394853,78-8898754,67183275fc13ae41dd22d481,4/7/2024,$81.45
67183275fc13ae41dd22d482,38-0135375,13-1610272,67183275fc13ae41dd22d483,10/31/2023,$49.79
67183275fc13ae41dd22d484,88-5111736,88-3396815,67183275fc13ae41dd22d485,11/28/2023,$83.49
67183275fc13ae41dd22d486,73-7431729,12-8233644,67183275fc13ae41dd22d487,2/16/2024,$97.78
67183275fc13ae41dd22d488,26-6469086,14-1238866,67183275fc13ae41dd22d489,9/28/2024,$99.09
67183275fc13ae41dd22d48a,09-2910968,26-6268962,67183275fc13ae41dd22d48b,9/6/2024,$18.40
67183275fc13ae41dd22d48c,41-9586909,38-4858051,67183275fc13ae41dd22d48d,9/22/2024,$87.30
67183275fc13ae41dd22d48e,99-6749430,84-2882758,67183275fc13ae41dd22d48f,3/2/2024,$27.15
67183275fc13ae41dd22d490,41-5338017,06-2400772,67183275fc13ae41dd22d491,1/27/2024,$39.00
67183275fc13ae41dd22d492,43-9881460,58-7315196,67183275fc13ae41dd22d493,9/9/2024,$76.45
67183275fc13ae41dd22d494,71-2149310,29-9202440,67183275fc13ae41dd22d495,1/28/2024,$99.81
67183275fc13ae41dd22d496,24-8069912,50-3233004,67183275fc13ae41dd22d497,3/27/2024,$98.32
67183275fc13ae41dd22d498,61-5990444,49-3028472,67183275fc13ae41dd22d499,1/2/2024,$46.23
67183275fc13ae41dd22d49a,83-7682789,95-2094699,67183275fc13ae41dd22d49b,3/29/2024,$30.57
67183275fc13ae41dd22d49c,96-5731460,78-8702659,67183275fc13ae41dd22d49d,8/30/2024,$26.89
67183275fc13ae41dd22d49e,90-6516325,22-6309991,67183275fc13ae41dd22d49f,1/11/2024,$44.68
67183275fc13ae41dd22d4a0,80-0564602,64-3759795,67183275fc13ae41dd22d4a1,5/2/2024,$99.94
67183275fc13ae41dd22d4a2,24-3840078,59-4352880,67183275fc13ae41dd22d4a3,12/3/2023,$30.27
67183275fc13ae41dd22d4a4,97-7228563,76-9601793,67183275fc13ae41dd22d4a5,1/13/2024,$94.89
67183275fc13ae41dd22d4a6,87-0904345,06-1333388,67183275fc13ae41dd22d4a7,12/26/2023,$53.38
67183275fc13ae41dd22d4a8,30-2906883,91-5062704,67183275fc13ae41dd22d4a9,12/10/2023,$55.00
67183275fc13ae41dd22d4aa,14-3144041,76-2481618,67183275fc13ae41dd22d4ab,3/23/2024,$3.56
67183275fc13ae41dd22d4ac,32-2382852,39-6038412,67183275fc13ae41dd22d4ad,7/22/2024,$40.81
67183275fc13ae41dd22d4ae,36-8450048,47-2882443,67183275fc13ae41dd22d4af,11/2/2023,$97.92
67183275fc13ae41dd22d4b0,90-6857100,16-5547827,67183275fc13ae41dd22d4b1,6/27/2024,$7.71
67183275fc13ae41dd22d4b2,29-8923688,10-4929424,67183275fc13ae41dd22d4b3,7/4/2024,$65.05
67183275fc13ae41dd22d4b4,73-4310140,50-0665091,67183275fc13ae41dd22d4b5,6/10/2024,$22.55
67183275fc13ae41dd22d4b6,51-9498712,64-8755294,67183275fc13ae41dd22d4b7,12/9/2023,$43.70
67183275fc13ae41dd22d4b8,42-0520523,40-1602099,67183275fc13ae41dd22d4b9,10/10/2024,$89.79
67183275fc13ae41dd22d4ba,15-0152384,04-4604988,67183275fc13ae41dd22d4bb,1/7/2024,$91.12
67183275fc13ae41dd22d4bc,50-3910907,58-1215622,67183275fc13ae41dd22d4bd,11/14/2023,$7.66
67183275fc13ae41dd22d4be,18-5101413,58-2861196,67183275fc13ae41dd22d4bf,6/13/2024,$8.70
67183275fc13ae41dd22d4c0,67-5534871,34-4657925,67183275fc13ae41dd22d4c1,4/29/2024,$60.73
67183275fc13ae41dd22d4c2,18-2413677,91-1965401,67183275fc13ae41dd22d4c3,9/28/2024,$92.95
67183275fc13ae41dd22d4c4,31-1013881,75-4641852,67183275fc13ae41dd22d4c5,11/25/2023,$82.83
67183275fc13ae41dd22d4c6,92-8095915,54-7429958,67183275fc13ae41dd22d4c7,9/2/2024,$28.41
67183275fc13ae41dd22d4c8,51-8956232,52-7795567,67183275fc13ae41dd22d4c9,10/13/2024,$85.11
67183275fc13ae41dd22d4ca,84-3282127,62-3512155,67183275fc13ae41dd22d4cb,11/6/2023,$78.50
67183275fc13ae41dd22d4cc,48-5882902,60-0886701,67183275fc13ae41dd22d4cd,12/31/2023,$4.54
67183275fc13ae41dd22d4ce,19-2217009,20-9899000,67183275fc13ae41dd22d4cf,1/19/2024,$88.08
67183275fc13ae41dd22d4d0,18-5863034,85-8026390,67183275fc13ae41dd22d4d1,7/1/2024,$24.49
67183275fc13ae41dd22d4d2,51-1994099,75-6817538,67183275fc13ae41dd22d4d3,5/17/2024,$4.89
67183275fc13ae41dd22d4d4,36-4439936,91-9118533,67183275fc13ae41dd22d4d5,3/15/2024,$37.39
67183275fc13ae41dd22d4d6,93-4308077,32-3593428,67183275fc13ae41dd22d4d7,8/22/2024,$58.61
67183275fc13ae41dd22d4d8,51-2811839,50-8260277,67183275fc13ae41dd22d4d9,7/5/2024,$8.85
67183275fc13ae41dd22d4da,94-5711743,98-9772233,67183275fc13ae41dd22d4db,9/12/2024,$11.46
67183275fc13ae41dd22d4dc,40-6272096,46-8341693,67183275fc13ae41dd22d4dd,1/4/2024,$29.38
67183275fc13ae41dd22d4de,19-9573994,43-2808432,67183275fc13ae41dd22d4df,3/20/2024,$44.82
67183275fc13ae41dd22d4e0,41-1543454,95-9778165,67183275fc13ae41dd22d4e1,4/27/2024,$95.16
67183275fc13ae41dd22d4e2,48-4248094,72-5964474,67183275fc13ae41dd22d4e3,10/4/2024,$26.33
67183275fc13ae41dd22d4e4,10-8512169,58-1534233,67183275fc13ae41dd22d4e5,9/15/2024,$19.14
67183275fc13ae41dd22d4e6,99-5685216,09-0017043,67183275fc13ae41dd22d4e7,12/17/2023,$87.03
67183275fc13ae41dd22d4e8,47-5491309,14-1580912,67183275fc13ae41dd22d4e9,4/14/2024,$63.13
67183275fc13ae41dd22d4ea,45-6294863,49-4370538,67183275fc13ae41dd22d4eb,5/11/2024,$10.28
67183275fc13ae41dd22d4ec,97-1269974,86-1270343,67183275fc13ae41dd22d4ed,1/30/2024,$33.95
67183275fc13ae41dd22d4ee,71-8791251,90-2986439,67183275fc13ae41dd22d4ef,10/11/2024,$4.25
67183275fc13ae41dd22d4f0,90-0491190,60-6194778,67183275fc13ae41dd22d4f1,5/1/2024,$30.75
67183275fc13ae41dd22d4f2,18-5284146,79-3705823,67183275fc13ae41dd22d4f3,2/10/2024,$61.68
67183275fc13ae41dd22d4f4,12-2037628,45-3659643,67183275fc13ae41dd22d4f5,11/9/2023,$1.93
67183275fc13ae41dd22d4f6,36-1725397,85-7071424,67183275fc13ae41dd22d4f7,12/25/2023,$4.29
67183275fc13ae41dd22d4f8,56-4842717,13-0805419,67183275fc13ae41dd22d4f9,7/8/2024,$32.30
67183275fc13ae41dd22d4fa,01-6828795,50-3397076,67183275fc13ae41dd22d4fb,4/25/2024,$84.69
67183275fc13ae41dd22d4fc,20-9797198,23-2954454,67183275fc13ae41dd22d4fd,1/6/2024,$74.27
67183275fc13ae41dd22d4fe,01-7402183,91-3411109,67183275fc13ae41dd22d4ff,12/28/2023,$38.16
67183275fc13ae41dd22d500,30-5085045,38-8704837,67183275fc13ae41dd22d501,10/14/2024,$10.51
67183275fc13ae41dd22d502,84-7978733,32-0191414,67183275fc13ae41dd22d503,6/10/2024,$90.64
67183275fc13ae41dd22d504,35-8783571,54-3817202,67183275fc13ae41dd22d505,6/11/2024,$60.57
67183275fc13ae41dd22d506,60-2650140,82-8864408,67183275fc13ae41dd22d507,7/20/2024,$2.47
67183275fc13ae41dd22d508,25-1567424,02-5623615,67183275fc13ae41dd22d509,1/26/2024,$50.42
67183275fc13ae41dd22d50a,41-2301401,48-2406311,67183275fc13ae41dd22d50b,5/7/2024,$51.49
67183275fc13ae41dd22d50c,47-4707048,05-2174846,67183275fc13ae41dd22d50d,2/9/2024,$21.96
67183275fc13ae41dd22d50e,99-3407212,00-6239060,67183275fc13ae41dd22d50f,1/8/2024,$47.42
67183275fc13ae41dd22d510,27-1933959,61-4250262,67183275fc13ae41dd22d511,3/4/2024,$5.20
67183275fc13ae41dd22d512,11-1622532,29-7396447,67183275fc13ae41dd22d513,4/28/2024,$56.41
67183275fc13ae41dd22d514,87-3712922,17-6832023,67183275fc13ae41dd22d515,6/26/2024,$37.11
67183275fc13ae41dd22d516,11-1806205,33-4313966,67183275fc13ae41dd22d517,2/18/2024,$1.50
67183275fc13ae41dd22d518,63-2125944,02-0477378,67183275fc13ae41dd22d519,8/7/2024,$62.56
67183275fc13ae41dd22d51a,33-5569362,65-2418563,67183275fc13ae41dd22d51b,1/14/2024,$43.46
67183275fc13ae41dd22d51c,37-5609683,51-0852780,67183275fc13ae41dd22d51d,1/5/2024,$71.91
67183275fc13ae41dd22d51e,56-3113686,40-1700698,67183275fc13ae41dd22d51f,2/5/2024,$38.38
67183275fc13ae41dd22d520,08-6649622,70-5107019,67183275fc13ae41dd22d521,11/5/2023,$21.31
67183275fc13ae41dd22d522,79-0505176,89-7389535,67183275fc13ae41dd22d523,8/9/2024,$13.76
67183275fc13ae41dd22d524,08-6844707,25-9891577,67183275fc13ae41dd22d525,5/14/2024,$5.44
67183275fc13ae41dd22d526,88-5863342,60-5512888,67183275fc13ae41dd22d527,9/15/2024,$14.17
67183275fc13ae41dd22d528,46-9882194,93-1692066,67183275fc13ae41dd22d529,6/26/2024,$32.24
67183275fc13ae41dd22d52a,82-9385906,51-2371875,67183275fc13ae41dd22d52b,11/2/2023,$17.45
67183275fc13ae41dd22d52c,99-8241260,13-8371811,67183275fc13ae41dd22d52d,1/2/2024,$5.22
67183275fc13ae41dd22d52e,35-5804057,25-0912874,67183275fc13ae41dd22d52f,6/7/2024,$76.50
67183275fc13ae41dd22d530,25-6823411,60-2280506,67183275fc13ae41dd22d531,9/14/2024,$64.08
67183275fc13ae41dd22d532,26-4967037,99-4971276,67183275fc13ae41dd22d533,1/4/2024,$40.92
67183275fc13ae41dd22d534,69-4337008,51-4602249,67183275fc13ae41dd22d535,9/8/2024,$54.33
67183275fc13ae41dd22d536,49-0701829,84-2560255,67183275fc13ae41dd22d537,9/27/2024,$10.71
67183275fc13ae41dd22d538,41-6018738,06-8544619,67183275fc13ae41dd22d539,12/23/2023,$52.57
67183275fc13ae41dd22d53a,55-5144337,39-9009179,67183275fc13ae41dd22d53b,3/8/2024,$65.72
67183275fc13ae41dd22d53c,65-9719676,72-9718025,67183275fc13ae41dd22d53d,12/28/2023,$61.73
67183275fc13ae41dd22d53e,96-6459797,68-1660683,67183275fc13ae41dd22d53f,7/23/2024,$39.79
67183275fc13ae41dd22d540,23-6837593,93-1294898,67183275fc13ae41dd22d541,9/10/2024,$70.55
67183275fc13ae41dd22d542,87-7122793,30-6954414,67183275fc13ae41dd22d543,12/7/2023,$63.27
67183275fc13ae41dd22d544,62-4871154,10-0776747,67183275fc13ae41dd22d545,1/11/2024,$1.66
67183275fc13ae41dd22d546,35-8887437,48-7082751,67183275fc13ae41dd22d547,5/9/2024,$44.76
67183275fc13ae41dd22d548,38-4044691,82-0974627,67183275fc13ae41dd22d549,5/20/2024,$54.16
67183275fc13ae41dd22d54a,23-3002123,85-5785838,67183275fc13ae41dd22d54b,5/27/2024,$4.68
67183275fc13ae41dd22d54c,38-0842231,68-8752552,67183275fc13ae41dd22d54d,6/15/2024,$68.71
67183275fc13ae41dd22d54e,39-0101527,15-3792152,67183275fc13ae41dd22d54f,4/8/2024,$83.35
67183275fc13ae41dd22d550,96-0211870,92-9599057,67183275fc13ae41dd22d551,8/25/2024,$98.86
67183275fc13ae41dd22d552,10-1349342,42-1506067,67183275fc13ae41dd22d553,5/13/2024,$65.95
67183275fc13ae41dd22d554,69-5516502,38-2649355,67183275fc13ae41dd22d555,2/23/2024,$33.51
67183275fc13ae41dd22d556,42-7765986,51-9444462,67183275fc13ae41dd22d557,2/16/2024,$84.54
67183275fc13ae41dd22d558,51-4556393,79-5105165,67183275fc13ae41dd22d559,5/5/2024,$64.20
67183275fc13ae41dd22d55a,63-0601743,48-1259349,67183275fc13ae41dd22d55b,1/27/2024,$66.86
67183275fc13ae41dd22d55c,48-1845815,15-4750325,67183275fc13ae41dd22d55d,6/11/2024,$99.20
67183275fc13ae41dd22d55e,80-3030630,20-1026975,67183275fc13ae41dd22d55f,11/28/2023,$57.56
67183275fc13ae41dd22d560,62-6509553,67-5465235,67183275fc13ae41dd22d561,8/18/2024,$49.61
67183275fc13ae41dd22d562,61-5855549,14-4856967,67183275fc13ae41dd22d563,1/2/2024,$32.38
67183275fc13ae41dd22d564,62-9673457,19-9934262,67183275fc13ae41dd22d565,2/11/2024,$99.25
67183275fc13ae41dd22d566,69-9329469,15-2112145,67183275fc13ae41dd22d567,7/20/2024,$91.69
67183275fc13ae41dd22d568,97-0944922,04-6154163,67183275fc13ae41dd22d569,4/30/2024,$97.76
67183275fc13ae41dd22d56a,11-3454678,41-4699261,67183275fc13ae41dd22d56b,5/9/2024,$20.08
67183275fc13ae41dd22d56c,80-4935195,44-5771358,67183275fc13ae41dd22d56d,6/12/2024,$89.61
67183275fc13ae41dd22d56e,49-8494816,75-6806200,67183275fc13ae41dd22d56f,7/10/2024,$92.33
67183275fc13ae41dd22d570,71-2074968,54-9883735,67183275fc13ae41dd22d571,11/19/2023,$90.20
67183275fc13ae41dd22d572,34-0470992,76-8707157,67183275fc13ae41dd22d573,5/11/2024,$56.76
67183275fc13ae41dd22d574,36-6900431,14-5493964,67183275fc13ae41dd22d575,12/5/2023,$41.94
67183275fc13ae41dd22d576,53-6829213,91-4256454,67183275fc13ae41dd22d577,2/26/2024,$87.83
67183275fc13ae41dd22d578,54-7926750,82-4116364,67183275fc13ae41dd22d579,6/21/2024,$55.57
67183275fc13ae41dd22d57a,62-0930883,03-3433248,67183275fc13ae41dd22d57b,9/7/2024,$74.13
67183275fc13ae41dd22d57c,24-4204445,85-7475657,67183275fc13ae41dd22d57d,4/9/2024,$42.39
67183275fc13ae41dd22d57e,93-6686389,62-6627060,67183275fc13ae41dd22d57f,9/9/2024,$85.33
67183275fc13ae41dd22d580,34-8446045,91-8025750,67183275fc13ae41dd22d581,1/30/2024,$11.16
67183275fc13ae41dd22d582,51-8490251,66-5168626,67183275fc13ae41dd22d583,7/10/2024,$50.07
67183275fc13ae41dd22d584,22-9567294,07-8768922,67183275fc13ae41dd22d585,12/31/2023,$20.91
67183275fc13ae41dd22d586,09-9513648,69-0194862,67183275fc13ae41dd22d587,8/19/2024,$87.40
67183275fc13ae41dd22d588,64-2245620,51-7176414,67183275fc13ae41dd22d589,9/21/2024,$69.55
67183275fc13ae41dd22d58a,98-8573967,63-8215569,67183275fc13ae41dd22d58b,7/1/2024,$39.98
67183275fc13ae41dd22d58c,80-7750082,39-3605671,67183275fc13ae41dd22d58d,11/17/2023,$18.74
67183275fc13ae41dd22d58e,92-1237124,50-3552602,67183275fc13ae41dd22d58f,9/3/2024,$70.17
67183275fc13ae41dd22d590,87-0843058,45-4441806,67183275fc13ae41dd22d591,10/5/2024,$61.38
67183275fc13ae41dd22d592,12-2491424,56-0040462,67183275fc13ae41dd22d593,7/9/2024,$92.39
67183275fc13ae41dd22d594,59-5787489,35-7451414,67183275fc13ae41dd22d595,8/28/2024,$67.53
67183275fc13ae41dd22d596,52-0468531,78-9269229,67183275fc13ae41dd22d597,10/6/2024,$20.47
67183275fc13ae41dd22d598,62-0689993,47-1140679,67183275fc13ae41dd22d599,10/23/2023,$28.08
67183275fc13ae41dd22d59a,35-5255964,59-6072011,67183275fc13ae41dd22d59b,9/15/2024,$86.65
67183275fc13ae41dd22d59c,44-5081870,90-1897463,67183275fc13ae41dd22d59d,7/6/2024,$57.74
67183275fc13ae41dd22d59e,74-3146870,95-2581032,67183275fc13ae41dd22d59f,12/1/2023,$33.06
67183275fc13ae41dd22d5a0,08-1030976,89-7978642,67183275fc13ae41dd22d5a1,9/20/2024,$78.36
67183275fc13ae41dd22d5a2,10-1780358,33-1503125,67183275fc13ae41dd22d5a3,5/11/2024,$76.33
67183275fc13ae41dd22d5a4,13-8253030,83-7024032,67183275fc13ae41dd22d5a5,1/27/2024,$12.99
67183275fc13ae41dd22d5a6,22-4069873,04-5036644,67183275fc13ae41dd22d5a7,7/8/2024,$69.69
67183275fc13ae41dd22d5a8,87-6358418,94-0661987,67183275fc13ae41dd22d5a9,1/30/2024,$62.04
67183275fc13ae41dd22d5aa,65-8827512,80-4673608,67183275fc13ae41dd22d5ab,6/1/2024,$59.16
67183275fc13ae41dd22d5ac,69-6348023,31-2152894,67183275fc13ae41dd22d5ad,5/8/2024,$93.22
67183275fc13ae41dd22d5ae,27-7692327,77-9985809,67183275fc13ae41dd22d5af,9/9/2024,$75.77
67183275fc13ae41dd22d5b0,27-9015383,15-9391117,67183275fc13ae41dd22d5b1,6/10/2024,$38.91
67183275fc13ae41dd22d5b2,93-7053550,19-1234476,67183275fc13ae41dd22d5b3,2/16/2024,$30.02
67183275fc13ae41dd22d5b4,91-2607210,80-8401536,67183275fc13ae41dd22d5b5,10/14/2024,$52.57
67183275fc13ae41dd22d5b6,49-6263085,31-8345254,67183275fc13ae41dd22d5b7,4/25/2024,$39.31
67183275fc13ae41dd22d5b8,84-8837748,32-6960471,67183275fc13ae41dd22d5b9,7/4/2024,$50.54
67183275fc13ae41dd22d5ba,01-6660126,51-9523390,67183275fc13ae41dd22d5bb,9/26/2024,$72.67
67183275fc13ae41dd22d5bc,36-2115849,77-6835826,67183275fc13ae41dd22d5bd,6/7/2024,$59.03
67183275fc13ae41dd22d5be,85-9318277,96-2919341,67183275fc13ae41dd22d5bf,5/10/2024,$94.85
67183275fc13ae41dd22d5c0,17-5131921,51-7878016,67183275fc13ae41dd22d5c1,11/24/2023,$85.26
67183275fc13ae41dd22d5c2,11-8869014,35-2799085,67183275fc13ae41dd22d5c3,4/8/2024,$51.84
67183275fc13ae41dd22d5c4,94-7986307,08-3621100,67183275fc13ae41dd22d5c5,5/1/2024,$63.07
67183275fc13ae41dd22d5c6,08-0076086,75-3809310,67183275fc13ae41dd22d5c7,6/13/2024,$65.51
67183275fc13ae41dd22d5c8,12-3739606,18-3382600,67183275fc13ae41dd22d5c9,9/14/2024,$68.59
67183275fc13ae41dd22d5ca,45-8125176,03-0421174,67183275fc13ae41dd22d5cb,8/17/2024,$7.07
67183275fc13ae41dd22d5cc,19-2045751,75-1399859,67183275fc13ae41dd22d5cd,3/12/2024,$62.21
67183275fc13ae41dd22d5ce,89-9991687,17-5729686,67183275fc13ae41dd22d5cf,6/21/2024,$24.61
67183275fc13ae41dd22d5d0,93-6456591,58-6182642,67183275fc13ae41dd22d5d1,1/11/2024,$55.80
67183275fc13ae41dd22d5d2,81-9028346,75-7630975,67183275fc13ae41dd22d5d3,6/9/2024,$75.35
67183275fc13ae41dd22d5d4,15-0966957,17-7878037,67183275fc13ae41dd22d5d5,1/18/2024,$50.24
67183275fc13ae41dd22d5d6,30-6126252,64-1194435,67183275fc13ae41dd22d5d7,5/16/2024,$40.65
67183275fc13ae41dd22d5d8,45-9939305,43-8199105,67183275fc13ae41dd22d5d9,10/21/2024,$6.67
67183275fc13ae41dd22d5da,40-9560159,93-9367602,67183275fc13ae41dd22d5db,1/17/2024,$26.28
67183275fc13ae41dd22d5dc,29-0033158,33-5557079,67183275fc13ae41dd22d5dd,9/4/2024,$4.43
67183275fc13ae41dd22d5de,85-7404588,76-0330524,67183275fc13ae41dd22d5df,12/1/2023,$48.63
67183275fc13ae41dd22d5e0,88-1379636,37-3864349,67183275fc13ae41dd22d5e1,6/7/2024,$74.86
67183275fc13ae41dd22d5e2,74-0062007,60-9540171,67183275fc13ae41dd22d5e3,2/6/2024,$22.93
67183275fc13ae41dd22d5e4,91-4039327,55-5225952,67183275fc13ae41dd22d5e5,6/4/2024,$60.68
67183275fc13ae41dd22d5e6,77-3632986,99-1149143,67183275fc13ae41dd22d5e7,7/14/2024,$86.20
67183275fc13ae41dd22d5e8,07-2288484,17-8114083,67183275fc13ae41dd22d5e9,10/9/2024,$34.25
67183275fc13ae41dd22d5ea,92-6366351,56-3260339,67183275fc13ae41dd22d5eb,3/18/2024,$79.54
67183275fc13ae41dd22d5ec,91-3476889,95-6013450,67183275fc13ae41dd22d5ed,3/4/2024,$75.03
67183275fc13ae41dd22d5ee,88-8412071,95-5737513,67183275fc13ae41dd22d5ef,4/5/2024,$97.72
67183275fc13ae41dd22d5f0,18-9047361,75-5331343,67183275fc13ae41dd22d5f1,2/27/2024,$64.18
67183275fc13ae41dd22d5f2,91-4376097,50-3181937,67183275fc13ae41dd22d5f3,12/24/2023,$56.18
67183275fc13ae41dd22d5f4,02-8981782,97-8869034,67183275fc13ae41dd22d5f5,10/10/2024,$84.07
67183275fc13ae41dd22d5f6,29-3664515,93-2766465,67183275fc13ae41dd22d5f7,9/6/2024,$94.06
67183275fc13ae41dd22d5f8,08-7019421,81-9728352,67183275fc13ae41dd22d5f9,12/8/2023,$77.25
67183275fc13ae41dd22d5fa,11-7048597,23-1279571,67183275fc13ae41dd22d5fb,6/2/2024,$81.59
67183275fc13ae41dd22d5fc,87-5581465,32-0729520,67183275fc13ae41dd22d5fd,6/27/2024,$49.15
67183275fc13ae41dd22d5fe,18-6345048,99-7273043,67183275fc13ae41dd22d5ff,11/10/2023,$7.15
67183275fc13ae41dd22d600,99-6273389,96-1063081,67183275fc13ae41dd22d601,12/20/2023,$76.28
67183275fc13ae41dd22d602,45-7607089,92-1690757,67183275fc13ae41dd22d603,5/2/2024,$53.38
67183275fc13ae41dd22d604,77-8648645,90-3631905,67183275fc13ae41dd22d605,2/12/2024,$90.70
67183275fc13ae41dd22d606,73-8172138,88-2239236,67183275fc13ae41dd22d607,1/12/2024,$60.29
67183275fc13ae41dd22d608,67-3893371,91-3462950,67183275fc13ae41dd22d609,9/18/2024,$95.07
67183275fc13ae41dd22d60a,59-9419617,65-3107163,67183275fc13ae41dd22d60b,8/12/2024,$80.42
67183275fc13ae41dd22d60c,09-5233123,00-9787509,67183275fc13ae41dd22d60d,3/22/2024,$20.93
67183275fc13ae41dd22d60e,32-0502902,84-6716668,67183275fc13ae41dd22d60f,10/22/2023,$98.55
67183275fc13ae41dd22d610,68-6089359,72-2203056,67183275fc13ae41dd22d611,10/25/2023,$59.21
67183275fc13ae41dd22d612,26-2063989,10-4255947,67183275fc13ae41dd22d613,1/19/2024,$18.67
67183275fc13ae41dd22d614,24-0356569,42-0682926,67183275fc13ae41dd22d615,10/7/2024,$20.33
67183275fc13ae41dd22d616,42-4975485,66-8329209,67183275fc13ae41dd22d617,11/7/2023,$43.51
67183275fc13ae41dd22d618,76-4695351,79-3667745,67183275fc13ae41dd22d619,1/16/2024,$17.40
67183275fc13ae41dd22d61a,27-3517327,68-6465037,67183275fc13ae41dd22d61b,1/31/2024,$97.79
67183275fc13ae41dd22d61c,14-7681510,18-8459736,67183275fc13ae41dd22d61d,9/3/2024,$7.83
67183275fc13ae41dd22d61e,14-7371958,79-3944841,67183275fc13ae41dd22d61f,11/9/2023,$19.77
67183275fc13ae41dd22d620,73-2915690,45-9503363,67183275fc13ae41dd22d621,11/26/2023,$90.08
67183275fc13ae41dd22d622,74-0440028,67-0573107,67183275fc13ae41dd22d623,11/20/2023,$6.35
67183275fc13ae41dd22d624,49-2712655,77-8793992,67183275fc13ae41dd22d625,5/28/2024,$70.46
67183275fc13ae41dd22d626,02-3972303,66-5519057,67183275fc13ae41dd22d627,12/4/2023,$67.08
67183275fc13ae41dd22d628,34-9696152,79-9874624,67183275fc13ae41dd22d629,10/24/2023,$49.59
67183275fc13ae41dd22d62a,83-9467624,40-6186613,67183275fc13ae41dd22d62b,6/18/2024,$18.36
67183275fc13ae41dd22d62c,52-5699740,41-6308777,67183275fc13ae41dd22d62d,3/20/2024,$15.40
67183275fc13ae41dd22d62e,62-6111696,35-4203881,67183275fc13ae41dd22d62f,7/14/2024,$22.27
67183275fc13ae41dd22d630,86-7419287,36-5662667,67183275fc13ae41dd22d631,5/15/2024,$34.54
67183275fc13ae41dd22d632,44-5568701,83-6599440,67183275fc13ae41dd22d633,8/25/2024,$54.76
67183275fc13ae41dd22d634,32-0994117,21-4624410,67183275fc13ae41dd22d635,9/17/2024,$27.77
67183275fc13ae41dd22d636,31-3654930,59-2025016,67183275fc13ae41dd22d637,7/7/2024,$79.64
67183275fc13ae41dd22d638,83-1877724,54-1850738,67183275fc13ae41dd22d639,7/6/2024,$41.10
67183275fc13ae41dd22d63a,88-6360664,17-6661906,67183275fc13ae41dd22d63b,2/9/2024,$79.95
67183275fc13ae41dd22d63c,05-7185944,26-0231797,67183275fc13ae41dd22d63d,10/30/2023,$19.83
67183275fc13ae41dd22d63e,19-4945132,09-5942467,67183275fc13ae41dd22d63f,6/10/2024,$22.28
67183275fc13ae41dd22d640,01-5495718,82-0815765,67183275fc13ae41dd22d641,9/4/2024,$98.25
67183275fc13ae41dd22d642,43-5697349,53-1507382,67183275fc13ae41dd22d643,11/19/2023,$25.45
67183275fc13ae41dd22d644,55-7261833,48-4937227,67183275fc13ae41dd22d645,2/24/2024,$47.08
67183275fc13ae41dd22d646,80-4786967,86-8545225,67183275fc13ae41dd22d647,6/7/2024,$35.75
67183275fc13ae41dd22d648,02-4829680,04-6656736,67183275fc13ae41dd22d649,5/3/2024,$60.33
67183275fc13ae41dd22d64a,40-7202587,91-4266704,67183275fc13ae41dd22d64b,7/20/2024,$99.75
67183275fc13ae41dd22d64c,23-4299750,70-7315997,67183275fc13ae41dd22d64d,5/30/2024,$77.06
67183275fc13ae41dd22d64e,26-5655845,64-3903917,67183275fc13ae41dd22d64f,1/24/2024,$36.10
67183275fc13ae41dd22d650,63-9854748,19-4474523,67183275fc13ae41dd22d651,12/10/2023,$1.74
67183275fc13ae41dd22d652,13-8254048,54-6697114,67183275fc13ae41dd22d653,2/22/2024,$70.93
67183275fc13ae41dd22d654,59-9169995,27-8222663,67183275fc13ae41dd22d655,5/13/2024,$97.52
67183275fc13ae41dd22d656,19-6434307,09-4889834,67183275fc13ae41dd22d657,6/14/2024,$4.22
67183275fc13ae41dd22d658,15-7586827,32-8718859,67183275fc13ae41dd22d659,9/15/2024,$16.96
67183275fc13ae41dd22d65a,55-2878142,75-9010401,67183275fc13ae41dd22d65b,3/20/2024,$40.55
67183275fc13ae41dd22d65c,49-1803822,82-3851645,67183275fc13ae41dd22d65d,10/23/2023,$46.08
67183275fc13ae41dd22d65e,52-3011412,49-7301612,67183275fc13ae41dd22d65f,11/29/2023,$61.88
67183275fc13ae41dd22d660,38-6753982,67-2037580,67183275fc13ae41dd22d661,9/12/2024,$11.88
67183275fc13ae41dd22d662,51-3669422,13-9211138,67183275fc13ae41dd22d663,6/9/2024,$23.14
67183275fc13ae41dd22d664,24-6615458,31-4632284,67183275fc13ae41dd22d665,8/8/2024,$32.01
67183275fc13ae41dd22d666,68-2138263,37-9575150,67183275fc13ae41dd22d667,4/8/2024,$62.84
67183275fc13ae41dd22d668,22-7774717,05-4356065,67183275fc13ae41dd22d669,11/9/2023,$2.24
67183275fc13ae41dd22d66a,51-2343690,65-0213182,67183275fc13ae41dd22d66b,10/3/2024,$96.03
67183275fc13ae41dd22d66c,66-2648780,84-4043457,67183275fc13ae41dd22d66d,5/18/2024,$52.60
67183275fc13ae41dd22d66e,06-5048274,34-7720931,67183275fc13ae41dd22d66f,8/2/2024,$95.59
67183275fc13ae41dd22d670,26-9217431,33-7520911,67183275fc13ae41dd22d671,2/4/2024,$95.71
67183275fc13ae41dd22d672,59-1815827,79-5334764,67183275fc13ae41dd22d673,8/22/2024,$93.69
67183275fc13ae41dd22d674,03-1857861,71-4516435,67183275fc13ae41dd22d675,9/11/2024,$4.89
67183275fc13ae41dd22d676,65-3005378,10-6733099,67183275fc13ae41dd22d677,6/10/2024,$48.08
67183275fc13ae41dd22d678,08-1126651,18-7491789,67183275fc13ae41dd22d679,10/7/2024,$84.94
67183275fc13ae41dd22d67a,38-0098466,19-5499919,67183275fc13ae41dd22d67b,4/26/2024,$3.61
67183275fc13ae41dd22d67c,24-0921000,45-8646615,67183275fc13ae41dd22d67d,4/20/2024,$89.89
67183275fc13ae41dd22d67e,15-8071681,61-1523333,67183275fc13ae41dd22d67f,12/17/2023,$91.81
67183275fc13ae41dd22d680,16-7366776,26-8017719,67183275fc13ae41dd22d681,11/23/2023,$90.27
67183275fc13ae41dd22d682,86-6567439,38-4173555,67183275fc13ae41dd22d683,6/6/2024,$24.68
67183275fc13ae41dd22d684,02-2123502,93-4973760,67183275fc13ae41dd22d685,2/28/2024,$73.57
67183275fc13ae41dd22d686,46-2398517,99-9075182,67183275fc13ae41dd22d687,4/28/2024,$7.09
67183275fc13ae41dd22d688,53-2465842,58-7158963,67183275fc13ae41dd22d689,5/6/2024,$87.42
67183275fc13ae41dd22d68a,78-8108919,26-2371254,67183275fc13ae41dd22d68b,10/3/2024,$65.45
67183275fc13ae41dd22d68c,21-2013340,02-7184104,67183275fc13ae41dd22d68d,5/22/2024,$85.94
67183275fc13ae41dd22d68e,37-4511631,78-5067121,67183275fc13ae41dd22d68f,11/5/2023,$76.56
67183275fc13ae41dd22d690,30-4255153,69-4740438,67183275fc13ae41dd22d691,1/2/2024,$38.42
67183275fc13ae41dd22d692,72-1735797,13-2354179,67183275fc13ae41dd22d693,1/19/2024,$42.05
67183275fc13ae41dd22d694,80-9325160,42-2942741,67183275fc13ae41dd22d695,7/4/2024,$18.02
67183275fc13ae41dd22d696,36-3117717,90-0295810,67183275fc13ae41dd22d697,10/10/2024,$32.96
67183275fc13ae41dd22d698,45-3778830,86-8210757,67183275fc13ae41dd22d699,11/28/2023,$26.21
67183275fc13ae41dd22d69a,87-0402406,51-7319774,67183275fc13ae41dd22d69b,11/5/2023,$12.94
67183275fc13ae41dd22d69c,22-5080329,25-4206455,67183275fc13ae41dd22d69d,7/15/2024,$58.46
67183275fc13ae41dd22d69e,19-6145302,47-6604032,67183275fc13ae41dd22d69f,10/13/2024,$52.30
67183275fc13ae41dd22d6a0,09-8894651,10-3500438,67183275fc13ae41dd22d6a1,8/28/2024,$24.50
67183275fc13ae41dd22d6a2,92-1864958,50-1162155,67183275fc13ae41dd22d6a3,3/4/2024,$13.01
67183275fc13ae41dd22d6a4,26-4194818,97-8027084,67183275fc13ae41dd22d6a5,7/15/2024,$8.66
67183275fc13ae41dd22d6a6,76-8564125,09-6479757,67183275fc13ae41dd22d6a7,6/13/2024,$88.02
67183275fc13ae41dd22d6a8,63-7075774,01-0217337,67183275fc13ae41dd22d6a9,7/12/2024,$4.49
67183275fc13ae41dd22d6aa,38-8404737,15-6564659,67183275fc13ae41dd22d6ab,1/15/2024,$71.85
67183275fc13ae41dd22d6ac,67-5723550,26-3433401,67183275fc13ae41dd22d6ad,8/19/2024,$77.51
67183275fc13ae41dd22d6ae,78-0058380,34-5181786,67183275fc13ae41dd22d6af,9/26/2024,$85.17
67183275fc13ae41dd22d6b0,37-7859128,21-6616826,67183275fc13ae41dd22d6b1,11/8/2023,$48.91
67183275fc13ae41dd22d6b2,51-9787951,07-9434033,67183275fc13ae41dd22d6b3,3/31/2024,$84.82
67183275fc13ae41dd22d6b4,07-3220829,12-4657254,67183275fc13ae41dd22d6b5,3/17/2024,$29.65
67183275fc13ae41dd22d6b6,87-1838815,37-3184254,67183275fc13ae41dd22d6b7,11/16/2023,$28.43
67183275fc13ae41dd22d6b8,58-7258709,78-0307967,67183275fc13ae41dd22d6b9,11/15/2023,$25.38
67183275fc13ae41dd22d6ba,99-4195741,29-3299098,67183275fc13ae41dd22d6bb,3/6/2024,$2.71
67183275fc13ae41dd22d6bc,53-7208419,03-0715182,67183275fc13ae41dd22d6bd,2/7/2024,$36.05
67183275fc13ae41dd22d6be,31-6232824,72-5037447,67183275fc13ae41dd22d6bf,8/8/2024,$16.38
67183275fc13ae41dd22d6c0,14-8706569,22-8780064,67183275fc13ae41dd22d6c1,6/27/2024,$68.23
67183275fc13ae41dd22d6c2,90-5142588,82-0459859,67183275fc13ae41dd22d6c3,8/29/2024,$0.58
67183275fc13ae41dd22d6c4,85-6526952,39-1341431,67183275fc13ae41dd22d6c5,2/15/2024,$85.16
67183275fc13ae41dd22d6c6,40-8371729,27-3454864,67183275fc13ae41dd22d6c7,5/9/2024,$49.24
67183275fc13ae41dd22d6c8,62-7086612,66-6850528,67183275fc13ae41dd22d6c9,5/29/2024,$50.53
67183275fc13ae41dd22d6ca,01-8328945,18-2759265,67183275fc13ae41dd22d6cb,4/15/2024,$91.13
67183275fc13ae41dd22d6cc,49-7417993,08-6573825,67183275fc13ae41dd22d6cd,9/25/2024,$32.05
67183275fc13ae41dd22d6ce,47-8776652,78-6391186,67183275fc13ae41dd22d6cf,11/28/2023,$0.58
67183275fc13ae41dd22d6d0,12-4804838,83-5161130,67183275fc13ae41dd22d6d1,1/30/2024,$90.38
67183275fc13ae41dd22d6d2,84-4260651,93-0386906,67183275fc13ae41dd22d6d3,1/23/2024,$75.81
67183275fc13ae41dd22d6d4,90-7953808,08-5486530,67183275fc13ae41dd22d6d5,10/23/2023,$83.35
67183275fc13ae41dd22d6d6,44-2021224,22-1297424,67183275fc13ae41dd22d6d7,1/6/2024,$56.94
67183275fc13ae41dd22d6d8,80-0765816,05-2433431,67183275fc13ae41dd22d6d9,6/9/2024,$27.90
67183275fc13ae41dd22d6da,35-4268951,29-4350793,67183275fc13ae41dd22d6db,11/17/2023,$88.36
67183275fc13ae41dd22d6dc,48-1172937,00-9533347,67183275fc13ae41dd22d6dd,7/27/2024,$49.20
67183275fc13ae41dd22d6de,59-4225163,93-2529504,67183275fc13ae41dd22d6df,7/21/2024,$92.32
67183275fc13ae41dd22d6e0,09-4096935,27-4533400,67183275fc13ae41dd22d6e1,1/31/2024,$63.51
67183275fc13ae41dd22d6e2,97-7217394,13-1832229,67183275fc13ae41dd22d6e3,11/20/2023,$24.07
67183275fc13ae41dd22d6e4,44-9764278,79-5802574,67183275fc13ae41dd22d6e5,3/3/2024,$0.55
67183275fc13ae41dd22d6e6,75-3258658,50-9413062,67183275fc13ae41dd22d6e7,6/29/2024,$87.46
67183275fc13ae41dd22d6e8,87-7165994,54-2646476,67183275fc13ae41dd22d6e9,9/20/2024,$16.09
67183275fc13ae41dd22d6ea,00-8993574,57-0662297,67183275fc13ae41dd22d6eb,6/16/2024,$55.04
67183275fc13ae41dd22d6ec,36-2987023,15-8045278,67183275fc13ae41dd22d6ed,3/17/2024,$63.05
67183275fc13ae41dd22d6ee,85-9508835,12-6298728,67183275fc13ae41dd22d6ef,8/12/2024,$39.72
67183275fc13ae41dd22d6f0,22-6727066,49-8654513,67183275fc13ae41dd22d6f1,8/24/2024,$19.19
67183275fc13ae41dd22d6f2,21-6888468,39-3090575,67183275fc13ae41dd22d6f3,4/13/2024,$27.93
67183275fc13ae41dd22d6f4,84-0564186,13-7233685,67183275fc13ae41dd22d6f5,11/4/2023,$87.58
67183275fc13ae41dd22d6f6,85-2187978,57-9441177,67183275fc13ae41dd22d6f7,7/4/2024,$23.91
67183275fc13ae41dd22d6f8,15-9239791,24-4742113,67183275fc13ae41dd22d6f9,12/19/2023,$88.06
67183275fc13ae41dd22d6fa,98-7912555,60-0281630,67183275fc13ae41dd22d6fb,6/11/2024,$0.05
67183275fc13ae41dd22d6fc,34-2945536,22-8217321,67183275fc13ae41dd22d6fd,3/3/2024,$83.37
67183275fc13ae41dd22d6fe,62-3982447,54-6243948,67183275fc13ae41dd22d6ff,10/20/2024,$64.13
67183275fc13ae41dd22d700,89-8358833,20-1371051,67183275fc13ae41dd22d701,12/17/2023,$81.92
67183275fc13ae41dd22d702,85-1456938,63-7920325,67183275fc13ae41dd22d703,2/23/2024,$77.85
67183275fc13ae41dd22d704,35-6677419,55-5941750,67183275fc13ae41dd22d705,10/31/2023,$40.36
67183275fc13ae41dd22d706,79-4608979,53-9181572,67183275fc13ae41dd22d707,12/12/2023,$82.86
67183275fc13ae41dd22d708,39-1253216,38-2708228,67183275fc13ae41dd22d709,8/18/2024,$20.02
67183275fc13ae41dd22d70a,92-0993687,82-2592619,67183275fc13ae41dd22d70b,6/4/2024,$3.60
67183275fc13ae41dd22d70c,57-7542774,30-7165291,67183275fc13ae41dd22d70d,5/28/2024,$8.34
67183275fc13ae41dd22d70e,31-8723017,18-5244157,67183275fc13ae41dd22d70f,10/19/2024,$4.43
67183275fc13ae41dd22d710,06-7892825,22-9997068,67183275fc13ae41dd22d711,8/9/2024,$68.04
67183275fc13ae41dd22d712,37-4979790,46-2997378,67183275fc13ae41dd22d713,12/23/2023,$28.68
67183275fc13ae41dd22d714,81-3517621,95-8687004,67183275fc13ae41dd22d715,2/14/2024,$62.05
67183275fc13ae41dd22d716,85-7834440,46-4868079,67183275fc13ae41dd22d717,11/17/2023,$35.73
67183275fc13ae41dd22d718,37-4417843,99-4069880,67183275fc13ae41dd22d719,1/24/2024,$67.73
67183275fc13ae41dd22d71a,68-9533979,57-5859628,67183275fc13ae41dd22d71b,3/8/2024,$47.05
67183275fc13ae41dd22d71c,25-1036947,66-3559447,67183275fc13ae41dd22d71d,7/8/2024,$70.96
67183275fc13ae41dd22d71e,07-2538279,24-7214798,67183275fc13ae41dd22d71f,3/21/2024,$70.53
67183275fc13ae41dd22d720,09-5189152,24-3595124,67183275fc13ae41dd22d721,3/8/2024,$23.70
67183275fc13ae41dd22d722,94-1358178,12-8445155,67183275fc13ae41dd22d723,2/5/2024,$81.53
67183275fc13ae41dd22d724,71-4907747,45-7757836,67183275fc13ae41dd22d725,11/16/2023,$21.71
67183275fc13ae41dd22d726,85-0443934,71-1250022,67183275fc13ae41dd22d727,11/30/2023,$31.20
67183275fc13ae41dd22d728,81-8062497,84-3302953,67183275fc13ae41dd22d729,12/21/2023,$84.39
67183275fc13ae41dd22d72a,37-1522544,37-4073798,67183275fc13ae41dd22d72b,11/27/2023,$64.53
67183275fc13ae41dd22d72c,31-2028706,98-7724768,67183275fc13ae41dd22d72d,12/18/2023,$36.14
67183275fc13ae41dd22d72e,79-6404011,79-7818502,67183275fc13ae41dd22d72f,9/26/2024,$7.93
67183275fc13ae41dd22d730,83-3945252,99-7026838,67183275fc13ae41dd22d731,11/14/2023,$47.70
67183275fc13ae41dd22d732,35-4827582,92-9071375,67183275fc13ae41dd22d733,8/26/2024,$45.82
67183275fc13ae41dd22d734,69-4865686,17-1291235,67183275fc13ae41dd22d735,12/20/2023,$11.16
67183275fc13ae41dd22d736,52-5030675,26-9809142,67183275fc13ae41dd22d737,12/29/2023,$26.95
67183275fc13ae41dd22d738,17-0156365,22-6879599,67183275fc13ae41dd22d739,4/12/2024,$79.05
67183275fc13ae41dd22d73a,74-4144017,43-3931033,67183275fc13ae41dd22d73b,12/5/2023,$95.73
67183275fc13ae41dd22d73c,10-2732395,76-6113077,67183275fc13ae41dd22d73d,12/15/2023,$42.79
67183275fc13ae41dd22d73e,23-4730880,49-9564670,67183275fc13ae41dd22d73f,6/3/2024,$35.85
67183275fc13ae41dd22d740,90-7845274,83-2546730,67183275fc13ae41dd22d741,10/25/2023,$72.44
67183275fc13ae41dd22d742,46-5564663,77-5225829,67183275fc13ae41dd22d743,6/5/2024,$88.49
67183275fc13ae41dd22d744,22-4514388,95-0939259,67183275fc13ae41dd22d745,6/26/2024,$34.73
67183275fc13ae41dd22d746,49-6830539,70-2215279,67183275fc13ae41dd22d747,4/15/2024,$89.22
67183275fc13ae41dd22d748,94-4008418,57-3194370,67183275fc13ae41dd22d749,10/10/2024,$24.28
67183275fc13ae41dd22d74a,30-7215597,18-8502253,67183275fc13ae41dd22d74b,11/19/2023,$34.34
67183275fc13ae41dd22d74c,31-2356867,87-9817022,67183275fc13ae41dd22d74d,10/25/2023,$88.56
67183275fc13ae41dd22d74e,94-0258490,36-1169794,67183275fc13ae41dd22d74f,6/3/2024,$6.96
67183275fc13ae41dd22d750,93-0732882,39-5765904,67183275fc13ae41dd22d751,12/21/2023,$2.47
67183275fc13ae41dd22d752,83-2826046,74-0356047,67183275fc13ae41dd22d753,1/20/2024,$69.41
67183275fc13ae41dd22d754,83-5433561,04-0487449,67183275fc13ae41dd22d755,11/9/2023,$43.27
67183275fc13ae41dd22d756,66-7714557,16-6286062,67183275fc13ae41dd22d757,5/25/2024,$54.60
67183275fc13ae41dd22d758,59-1745053,26-2654824,67183275fc13ae41dd22d759,5/21/2024,$70.96
67183275fc13ae41dd22d75a,65-5314784,92-1414932,67183275fc13ae41dd22d75b,1/31/2024,$60.11
67183275fc13ae41dd22d75c,83-9560315,86-7319135,67183275fc13ae41dd22d75d,1/21/2024,$9.36
67183275fc13ae41dd22d75e,41-8309208,04-2961874,67183275fc13ae41dd22d75f,12/25/2023,$51.71
67183275fc13ae41dd22d760,31-5449637,08-5469727,67183275fc13ae41dd22d761,8/30/2024,$88.06
67183275fc13ae41dd22d762,59-2852694,09-3719682,67183275fc13ae41dd22d763,3/4/2024,$18.56
67183275fc13ae41dd22d764,03-3849077,64-3789455,67183275fc13ae41dd22d765,4/23/2024,$11.40
67183275fc13ae41dd22d766,36-1339289,42-9491651,67183275fc13ae41dd22d767,6/5/2024,$76.09
67183275fc13ae41dd22d768,79-3117637,59-6876360,67183275fc13ae41dd22d769,6/4/2024,$96.85
67183275fc13ae41dd22d76a,87-6755482,90-5086973,67183275fc13ae41dd22d76b,1/23/2024,$90.87
67183275fc13ae41dd22d76c,97-1739117,04-3765982,67183275fc13ae41dd22d76d,7/19/2024,$89.67
67183275fc13ae41dd22d76e,72-4813478,99-2549211,67183275fc13ae41dd22d76f,12/28/2023,$59.60
67183275fc13ae41dd22d770,39-9484419,59-2541504,67183275fc13ae41dd22d771,8/27/2024,$10.69
67183275fc13ae41dd22d772,57-5052579,09-7245916,67183275fc13ae41dd22d773,7/10/2024,$14.02
67183275fc13ae41dd22d774,09-0423703,12-6530798,67183275fc13ae41dd22d775,12/19/2023,$30.45
67183275fc13ae41dd22d776,46-4007195,70-5498544,67183275fc13ae41dd22d777,1/11/2024,$66.31
67183275fc13ae41dd22d778,96-4040861,60-7063440,67183275fc13ae41dd22d779,4/28/2024,$89.70
67183275fc13ae41dd22d77a,02-9103120,76-5979142,67183275fc13ae41dd22d77b,10/25/2023,$12.24
67183275fc13ae41dd22d77c,66-4406629,51-8994361,67183275fc13ae41dd22d77d,6/1/2024,$69.95
67183275fc13ae41dd22d77e,58-1482344,23-1799539,67183275fc13ae41dd22d77f,6/15/2024,$26.53
67183275fc13ae41dd22d780,42-0345050,81-2663186,67183275fc13ae41dd22d781,12/26/2023,$57.96
67183275fc13ae41dd22d782,65-7569181,34-9262565,67183275fc13ae41dd22d783,8/19/2024,$89.88
67183275fc13ae41dd22d784,04-4603853,41-1111784,67183275fc13ae41dd22d785,12/11/2023,$39.83
67183275fc13ae41dd22d786,92-4042960,19-7792690,67183275fc13ae41dd22d787,12/30/2023,$69.62
67183275fc13ae41dd22d788,68-1576480,83-3567424,67183275fc13ae41dd22d789,11/25/2023,$51.97
67183275fc13ae41dd22d78a,10-4118401,02-8160700,67183275fc13ae41dd22d78b,12/3/2023,$76.40
67183275fc13ae41dd22d78c,67-6528512,25-1631107,67183275fc13ae41dd22d78d,12/8/2023,$86.83
67183275fc13ae41dd22d78e,93-1144225,14-5104707,67183275fc13ae41dd22d78f,3/27/2024,$50.35
67183275fc13ae41dd22d790,63-6311773,23-6222302,67183275fc13ae41dd22d791,4/17/2024,$47.34
67183275fc13ae41dd22d792,77-7961475,37-0396087,67183275fc13ae41dd22d793,7/2/2024,$65.05
67183275fc13ae41dd22d794,79-3687104,08-5278678,67183275fc13ae41dd22d795,3/24/2024,$9.25
67183275fc13ae41dd22d796,91-6586146,47-6616128,67183275fc13ae41dd22d797,10/26/2023,$24.78
67183275fc13ae41dd22d798,18-8373795,54-6752685,67183275fc13ae41dd22d799,6/25/2024,$22.23
67183275fc13ae41dd22d79a,41-1252362,32-6450878,67183275fc13ae41dd22d79b,6/18/2024,$53.95
67183275fc13ae41dd22d79c,16-6017010,57-8258160,67183275fc13ae41dd22d79d,11/8/2023,$80.89
67183275fc13ae41dd22d79e,10-1888314,11-9969920,67183275fc13ae41dd22d79f,2/1/2024,$78.59
67183275fc13ae41dd22d7a0,46-5927122,90-7200288,67183275fc13ae41dd22d7a1,3/9/2024,$35.23
67183275fc13ae41dd22d7a2,58-8353841,67-4028230,67183275fc13ae41dd22d7a3,2/23/2024,$2.13
67183275fc13ae41dd22d7a4,45-9116092,26-5949491,67183275fc13ae41dd22d7a5,10/5/2024,$53.78
67183275fc13ae41dd22d7a6,16-9572263,50-5503300,67183275fc13ae41dd22d7a7,10/8/2024,$99.13
67183275fc13ae41dd22d7a8,54-4629940,72-0198533,67183275fc13ae41dd22d7a9,3/5/2024,$38.78
67183275fc13ae41dd22d7aa,50-2667435,20-1333754,67183275fc13ae41dd22d7ab,7/6/2024,$65.65
67183275fc13ae41dd22d7ac,67-6763421,07-2337561,67183275fc13ae41dd22d7ad,10/18/2024,$7.59
67183275fc13ae41dd22d7ae,84-1168321,59-3382337,67183275fc13ae41dd22d7af,12/20/2023,$50.80
67183275fc13ae41dd22d7b0,80-1104484,22-8777036,67183275fc13ae41dd22d7b1,1/21/2024,$47.53
67183275fc13ae41dd22d7b2,76-3887183,00-0318945,67183275fc13ae41dd22d7b3,10/11/2024,$83.11
67183275fc13ae41dd22d7b4,92-9599273,20-7264370,67183275fc13ae41dd22d7b5,4/17/2024,$4.33
67183275fc13ae41dd22d7b6,91-2489830,02-3819926,67183275fc13ae41dd22d7b7,4/29/2024,$61.40
67183275fc13ae41dd22d7b8,90-2260156,84-2299760,67183275fc13ae41dd22d7b9,6/13/2024,$66.34
67183275fc13ae41dd22d7ba,28-7150413,65-2615920,67183275fc13ae41dd22d7bb,12/14/2023,$6.29
67183275fc13ae41dd22d7bc,96-2605539,54-9724561,67183275fc13ae41dd22d7bd,8/20/2024,$0.07
67183275fc13ae41dd22d7be,59-8131551,51-0262858,67183275fc13ae41dd22d7bf,8/3/2024,$37.93
67183275fc13ae41dd22d7c0,03-8509751,40-1882134,67183275fc13ae41dd22d7c1,5/14/2024,$21.39
67183275fc13ae41dd22d7c2,61-0759432,50-9917529,67183275fc13ae41dd22d7c3,7/31/2024,$0.95
67183275fc13ae41dd22d7c4,53-4563265,22-3143011,67183275fc13ae41dd22d7c5,10/12/2024,$72.02
67183275fc13ae41dd22d7c6,08-6868595,19-3335566,67183275fc13ae41dd22d7c7,4/6/2024,$85.44
67183275fc13ae41dd22d7c8,85-8557973,70-1773151,67183275fc13ae41dd22d7c9,12/16/2023,$48.07
67183275fc13ae41dd22d7ca,52-9711598,15-6558447,67183275fc13ae41dd22d7cb,11/1/2023,$26.57
67183275fc13ae41dd22d7cc,20-7028305,71-1822355,67183275fc13ae41dd22d7cd,8/26/2024,$98.69
67183275fc13ae41dd22d7ce,66-3280832,80-0023046,67183275fc13ae41dd22d7cf,1/8/2024,$58.06
67183275fc13ae41dd22d7d0,38-4946309,48-2461079,67183275fc13ae41dd22d7d1,10/17/2024,$69.50
67183275fc13ae41dd22d7d2,86-6025799,04-3832256,67183275fc13ae41dd22d7d3,9/11/2024,$44.64
67183275fc13ae41dd22d7d4,25-1138158,61-0750521,67183275fc13ae41dd22d7d5,12/8/2023,$25.12
67183275fc13ae41dd22d7d6,11-9918024,98-4488694,67183275fc13ae41dd22d7d7,10/12/2024,$63.59
67183275fc13ae41dd22d7d8,60-9769210,81-4370264,67183275fc13ae41dd22d7d9,8/12/2024,$84.37
67183275fc13ae41dd22d7da,68-9201947,06-4738222,67183275fc13ae41dd22d7db,9/1/2024,$11.53
67183275fc13ae41dd22d7dc,24-1662431,47-9824951,67183275fc13ae41dd22d7dd,7/11/2024,$34.22
67183275fc13ae41dd22d7de,18-2021166,06-0654521,67183275fc13ae41dd22d7df,5/11/2024,$58.58
67183275fc13ae41dd22d7e0,62-8682215,02-4361080,67183275fc13ae41dd22d7e1,8/7/2024,$2.15
67183275fc13ae41dd22d7e2,91-6495189,70-5417240,67183275fc13ae41dd22d7e3,10/20/2024,$89.32
67183275fc13ae41dd22d7e4,08-7641049,12-6018536,67183275fc13ae41dd22d7e5,2/3/2024,$96.90
67183275fc13ae41dd22d7e6,47-1536802,84-0378756,67183275fc13ae41dd22d7e7,10/19/2024,$73.82
67183275fc13ae41dd22d7e8,08-8806623,64-0552154,67183275fc13ae41dd22d7e9,6/7/2024,$30.93
67183275fc13ae41dd22d7ea,74-7693696,27-7986608,67183275fc13ae41dd22d7eb,11/25/2023,$51.70
67183275fc13ae41dd22d7ec,55-3457219,62-4337618,67183275fc13ae41dd22d7ed,5/23/2024,$42.89
67183275fc13ae41dd22d7ee,81-2905861,16-3944306,67183275fc13ae41dd22d7ef,6/24/2024,$25.13
67183275fc13ae41dd22d7f0,92-1452890,38-3268779,67183275fc13ae41dd22d7f1,11/4/2023,$51.52
67183275fc13ae41dd22d7f2,94-6277031,71-2757942,67183275fc13ae41dd22d7f3,8/25/2024,$45.75
67183275fc13ae41dd22d7f4,32-5624840,82-3310622,67183275fc13ae41dd22d7f5,8/30/2024,$24.66
67183275fc13ae41dd22d7f6,30-0457570,69-4557696,67183275fc13ae41dd22d7f7,9/4/2024,$69.11
67183275fc13ae41dd22d7f8,28-7263099,20-4876864,67183275fc13ae41dd22d7f9,5/16/2024,$15.90
67183275fc13ae41dd22d7fa,70-5218758,42-9718305,67183275fc13ae41dd22d7fb,9/30/2024,$26.37
67183275fc13ae41dd22d7fc,87-6216515,39-3364359,67183275fc13ae41dd22d7fd,11/6/2023,$58.48
67183275fc13ae41dd22d7fe,00-4396706,54-3626233,67183275fc13ae41dd22d7ff,11/11/2023,$13.02
67183275fc13ae41dd22d800,94-7332365,90-6343839,67183275fc13ae41dd22d801,1/6/2024,$79.56
67183275fc13ae41dd22d802,79-2807087,12-5869397,67183275fc13ae41dd22d803,1/18/2024,$60.19
67183275fc13ae41dd22d804,02-1478640,34-8570346,67183275fc13ae41dd22d805,7/28/2024,$3.71
67183275fc13ae41dd22d806,41-8247137,09-3900501,67183275fc13ae41dd22d807,2/1/2024,$81.26
67183275fc13ae41dd22d808,84-7815437,45-5728062,67183275fc13ae41dd22d809,9/2/2024,$10.89
67183275fc13ae41dd22d80a,80-6873651,84-5322709,67183275fc13ae41dd22d80b,10/15/2024,$54.56
67183275fc13ae41dd22d80c,48-6671875,04-0516293,67183275fc13ae41dd22d80d,12/5/2023,$13.24
67183275fc13ae41dd22d80e,97-6549987,80-2463343,67183275fc13ae41dd22d80f,12/3/2023,$54.32
67183275fc13ae41dd22d810,54-9377875,39-2986990,67183275fc13ae41dd22d811,5/26/2024,$26.00
67183275fc13ae41dd22d812,98-6118499,71-1873030,67183275fc13ae41dd22d813,11/13/2023,$96.07
67183275fc13ae41dd22d814,80-2244554,46-9464141,67183275fc13ae41dd22d815,7/26/2024,$58.00
67183275fc13ae41dd22d816,28-2156911,31-1246131,67183275fc13ae41dd22d817,10/26/2023,$45.77
67183275fc13ae41dd22d818,27-7590229,39-9214325,67183275fc13ae41dd22d819,10/18/2024,$43.43
67183275fc13ae41dd22d81a,00-3074731,15-3460251,67183275fc13ae41dd22d81b,4/22/2024,$82.43
67183275fc13ae41dd22d81c,24-4891026,36-2743740,67183275fc13ae41dd22d81d,1/29/2024,$18.79
67183275fc13ae41dd22d81e,42-6998340,13-5319981,67183275fc13ae41dd22d81f,5/12/2024,$25.92
67183275fc13ae41dd22d820,45-3828993,67-3005909,67183275fc13ae41dd22d821,1/7/2024,$57.53
67183275fc13ae41dd22d822,05-3980905,22-9082464,67183275fc13ae41dd22d823,10/9/2024,$52.41
67183275fc13ae41dd22d824,21-8769293,50-4540701,67183275fc13ae41dd22d825,2/14/2024,$18.13
67183275fc13ae41dd22d826,15-2895474,43-0015347,67183275fc13ae41dd22d827,8/7/2024,$64.49
67183275fc13ae41dd22d828,48-4047222,28-1407902,67183275fc13ae41dd22d829,2/5/2024,$4.73
67183275fc13ae41dd22d82a,39-9606321,77-5449987,67183275fc13ae41dd22d82b,1/3/2024,$92.53
67183275fc13ae41dd22d82c,48-4330934,58-7021959,67183275fc13ae41dd22d82d,2/12/2024,$58.12
67183275fc13ae41dd22d82e,00-7136444,68-7800967,67183275fc13ae41dd22d82f,6/4/2024,$30.09
67183275fc13ae41dd22d830,53-9189459,82-7633323,67183275fc13ae41dd22d831,5/25/2024,$14.69
67183275fc13ae41dd22d832,93-3301909,04-2595600,67183275fc13ae41dd22d833,7/23/2024,$42.11
67183275fc13ae41dd22d834,83-6530612,90-6723843,67183275fc13ae41dd22d835,10/27/2023,$6.65
67183275fc13ae41dd22d836,62-0602153,84-8711633,67183275fc13ae41dd22d837,6/26/2024,$54.43
67183275fc13ae41dd22d838,07-2546183,12-3777293,67183275fc13ae41dd22d839,12/11/2023,$13.93
67183275fc13ae41dd22d83a,68-2272883,33-5874720,67183275fc13ae41dd22d83b,3/21/2024,$69.00
67183275fc13ae41dd22d83c,99-4178038,61-9284650,67183275fc13ae41dd22d83d,1/6/2024,$13.78
67183275fc13ae41dd22d83e,17-6720592,82-4031157,67183275fc13ae41dd22d83f,8/28/2024,$59.35
67183275fc13ae41dd22d840,91-4328542,72-7046798,67183275fc13ae41dd22d841,8/22/2024,$65.47
67183275fc13ae41dd22d842,52-9329129,65-4379406,67183275fc13ae41dd22d843,10/29/2023,$34.28
67183275fc13ae41dd22d844,78-2365034,69-6699668,67183275fc13ae41dd22d845,8/10/2024,$10.99
67183275fc13ae41dd22d846,35-1464401,73-4761017,67183275fc13ae41dd22d847,1/28/2024,$4.35
67183275fc13ae41dd22d848,06-8432103,88-8628818,67183275fc13ae41dd22d849,4/21/2024,$93.91
67183275fc13ae41dd22d84a,82-1801756,04-5809800,67183275fc13ae41dd22d84b,4/2/2024,$17.48
67183275fc13ae41dd22d84c,37-7855835,09-3484520,67183275fc13ae41dd22d84d,8/7/2024,$58.37
67183275fc13ae41dd22d84e,65-0137796,09-0709733,67183275fc13ae41dd22d84f,10/7/2024,$80.04
67183275fc13ae41dd22d850,21-7618392,37-8227559,67183275fc13ae41dd22d851,10/1/2024,$23.77
67183275fc13ae41dd22d852,25-1491668,09-3989667,67183275fc13ae41dd22d853,5/30/2024,$2.98
67183275fc13ae41dd22d854,25-6669896,69-4153927,67183275fc13ae41dd22d855,8/26/2024,$3.40
67183275fc13ae41dd22d856,37-4931290,72-0574835,67183275fc13ae41dd22d857,5/19/2024,$35.54
67183275fc13ae41dd22d858,25-6725983,31-0840188,67183275fc13ae41dd22d859,12/26/2023,$28.17
67183275fc13ae41dd22d85a,10-6033406,64-8826553,67183275fc13ae41dd22d85b,5/10/2024,$55.34
67183275fc13ae41dd22d85c,02-0433494,88-8130142,67183275fc13ae41dd22d85d,1/6/2024,$52.54
67183275fc13ae41dd22d85e,00-4796821,74-4223681,67183275fc13ae41dd22d85f,6/2/2024,$25.87
67183275fc13ae41dd22d860,29-5357833,31-1196296,67183275fc13ae41dd22d861,3/19/2024,$83.63
67183275fc13ae41dd22d862,89-3562724,46-2192480,67183275fc13ae41dd22d863,1/19/2024,$43.59
67183275fc13ae41dd22d864,07-9145489,50-5480740,67183275fc13ae41dd22d865,3/1/2024,$38.40
67183275fc13ae41dd22d866,26-0803043,87-8733126,67183275fc13ae41dd22d867,9/13/2024,$77.94
67183275fc13ae41dd22d868,82-4781429,55-8750812,67183275fc13ae41dd22d869,11/28/2023,$96.00
67183275fc13ae41dd22d86a,75-1887133,18-3714857,67183275fc13ae41dd22d86b,12/3/2023,$53.09
67183275fc13ae41dd22d86c,63-2911756,80-0295164,67183275fc13ae41dd22d86d,12/2/2023,$31.43
67183275fc13ae41dd22d86e,35-9887403,04-0928202,67183275fc13ae41dd22d86f,5/30/2024,$45.41
67183275fc13ae41dd22d870,63-6620027,39-0009102,67183275fc13ae41dd22d871,7/7/2024,$15.36
67183275fc13ae41dd22d872,02-6897620,26-1709717,67183275fc13ae41dd22d873,12/10/2023,$71.92
67183275fc13ae41dd22d874,16-3550573,59-8377497,67183275fc13ae41dd22d875,1/2/2024,$73.05
67183275fc13ae41dd22d876,97-8279669,29-7879719,67183275fc13ae41dd22d877,2/6/2024,$77.08
67183275fc13ae41dd22d878,62-9186295,85-8784070,67183275fc13ae41dd22d879,2/3/2024,$6.87
67183275fc13ae41dd22d87a,36-9154505,98-8679750,67183275fc13ae41dd22d87b,7/14/2024,$9.94
67183275fc13ae41dd22d87c,53-1704823,61-4918777,67183275fc13ae41dd22d87d,3/7/2024,$31.32
67183275fc13ae41dd22d87e,24-7121687,41-8480059,67183275fc13ae41dd22d87f,1/6/2024,$48.00
67183275fc13ae41dd22d880,92-5912492,84-2223064,67183275fc13ae41dd22d881,4/17/2024,$35.20
67183275fc13ae41dd22d882,46-0629009,02-8872634,67183275fc13ae41dd22d883,12/8/2023,$8.08
67183275fc13ae41dd22d884,15-7593265,19-3618742,67183275fc13ae41dd22d885,6/18/2024,$24.23
67183275fc13ae41dd22d886,32-4685547,70-3105966,67183275fc13ae41dd22d887,3/28/2024,$44.39
67183275fc13ae41dd22d888,75-8703094,50-2688484,67183275fc13ae41dd22d889,6/1/2024,$73.81
67183275fc13ae41dd22d88a,38-5512324,09-7307927,67183275fc13ae41dd22d88b,6/7/2024,$16.14
67183275fc13ae41dd22d88c,43-1016786,32-8919373,67183275fc13ae41dd22d88d,10/24/2023,$6.75
67183275fc13ae41dd22d88e,71-4461921,50-5668858,67183275fc13ae41dd22d88f,12/19/2023,$19.74
67183275fc13ae41dd22d890,04-0353106,49-8985855,67183275fc13ae41dd22d891,5/26/2024,$17.57
67183275fc13ae41dd22d892,95-9914061,65-3097839,67183275fc13ae41dd22d893,7/28/2024,$80.27
67183275fc13ae41dd22d894,34-2760304,92-8317781,67183275fc13ae41dd22d895,4/15/2024,$56.07
67183275fc13ae41dd22d896,90-8160296,67-1493159,67183275fc13ae41dd22d897,5/7/2024,$16.15
67183275fc13ae41dd22d898,95-6834770,00-0420767,67183275fc13ae41dd22d899,12/26/2023,$64.56
67183275fc13ae41dd22d89a,97-5376049,38-8085545,67183275fc13ae41dd22d89b,2/26/2024,$61.60
67183275fc13ae41dd22d89c,78-8288619,85-5163451,67183275fc13ae41dd22d89d,1/29/2024,$4.73
67183275fc13ae41dd22d89e,13-7894334,94-6720092,67183275fc13ae41dd22d89f,5/23/2024,$64.12
67183275fc13ae41dd22d8a0,39-4632413,81-0082904,67183275fc13ae41dd22d8a1,3/24/2024,$15.09
67183275fc13ae41dd22d8a2,51-7134993,60-6625657,67183275fc13ae41dd22d8a3,1/15/2024,$30.01
67183275fc13ae41dd22d8a4,19-4131392,47-3926059,67183275fc13ae41dd22d8a5,1/30/2024,$60.55
67183275fc13ae41dd22d8a6,54-4707200,13-9565649,67183275fc13ae41dd22d8a7,12/8/2023,$62.41
67183275fc13ae41dd22d8a8,54-5342386,75-2333581,67183275fc13ae41dd22d8a9,9/27/2024,$16.44
67183275fc13ae41dd22d8aa,41-2401081,93-8390188,67183275fc13ae41dd22d8ab,12/26/2023,$77.09
67183275fc13ae41dd22d8ac,19-1107092,75-1797353,67183275fc13ae41dd22d8ad,9/20/2024,$4.61
67183275fc13ae41dd22d8ae,98-1798622,51-2864855,67183275fc13ae41dd22d8af,10/11/2024,$14.17
67183275fc13ae41dd22d8b0,42-6194178,64-0161306,67183275fc13ae41dd22d8b1,8/28/2024,$31.59
67183275fc13ae41dd22d8b2,58-0658902,86-9950859,67183275fc13ae41dd22d8b3,4/12/2024,$7.12
67183275fc13ae41dd22d8b4,71-4429067,80-9320055,67183275fc13ae41dd22d8b5,11/13/2023,$4.42
67183275fc13ae41dd22d8b6,36-2977078,26-4815308,67183275fc13ae41dd22d8b7,1/16/2024,$9.40
67183275fc13ae41dd22d8b8,41-7141750,73-6029779,67183275fc13ae41dd22d8b9,2/11/2024,$74.04
67183275fc13ae41dd22d8ba,50-5856933,52-5812632,67183275fc13ae41dd22d8bb,7/31/2024,$49.13
67183275fc13ae41dd22d8bc,97-4578352,32-0644642,67183275fc13ae41dd22d8bd,7/17/2024,$40.88
67183275fc13ae41dd22d8be,14-0413048,99-2031466,67183275fc13ae41dd22d8bf,10/17/2024,$70.73
67183275fc13ae41dd22d8c0,84-2099079,90-8070463,67183275fc13ae41dd22d8c1,11/12/2023,$47.29
67183275fc13ae41dd22d8c2,56-3612114,65-8374096,67183275fc13ae41dd22d8c3,9/19/2024,$72.72
67183275fc13ae41dd22d8c4,17-8120270,41-3620620,67183275fc13ae41dd22d8c5,5/6/2024,$99.87
67183275fc13ae41dd22d8c6,82-0085519,74-5853814,67183275fc13ae41dd22d8c7,2/9/2024,$51.44
67183275fc13ae41dd22d8c8,64-3986477,02-9946506,67183275fc13ae41dd22d8c9,10/12/2024,$93.47
67183275fc13ae41dd22d8ca,71-8842079,53-6629028,67183275fc13ae41dd22d8cb,6/20/2024,$92.50
67183275fc13ae41dd22d8cc,08-1822306,01-0937345,67183275fc13ae41dd22d8cd,3/26/2024,$53.86
67183275fc13ae41dd22d8ce,65-8392153,24-0738335,67183275fc13ae41dd22d8cf,6/23/2024,$83.45
67183275fc13ae41dd22d8d0,27-7555954,94-7847179,67183275fc13ae41dd22d8d1,8/4/2024,$56.61
67183275fc13ae41dd22d8d2,93-8059149,08-7836711,67183275fc13ae41dd22d8d3,12/28/2023,$22.05
67183275fc13ae41dd22d8d4,20-7163894,21-9308685,67183275fc13ae41dd22d8d5,9/19/2024,$75.88
67183275fc13ae41dd22d8d6,22-6522389,03-3355931,67183275fc13ae41dd22d8d7,4/19/2024,$78.16
67183275fc13ae41dd22d8d8,64-1043731,18-3035479,67183275fc13ae41dd22d8d9,6/7/2024,$25.40
67183275fc13ae41dd22d8da,08-7453607,67-5339604,67183275fc13ae41dd22d8db,1/19/2024,$88.44
67183275fc13ae41dd22d8dc,08-2607538,50-3078864,67183275fc13ae41dd22d8dd,4/8/2024,$21.15
67183275fc13ae41dd22d8de,43-1151033,40-7886387,67183275fc13ae41dd22d8df,8/31/2024,$99.12
67183275fc13ae41dd22d8e0,45-3891659,27-5809678,67183275fc13ae41dd22d8e1,8/10/2024,$22.75
67183275fc13ae41dd22d8e2,53-8641405,35-2788382,67183275fc13ae41dd22d8e3,1/1/2024,$94.68
67183275fc13ae41dd22d8e4,44-9522952,88-4856750,67183275fc13ae41dd22d8e5,11/23/2023,$66.34
67183275fc13ae41dd22d8e6,37-9001814,90-8281233,67183275fc13ae41dd22d8e7,1/6/2024,$40.70
67183275fc13ae41dd22d8e8,14-4343990,26-1891895,67183275fc13ae41dd22d8e9,8/30/2024,$39.64
67183275fc13ae41dd22d8ea,25-4147554,09-7516272,67183275fc13ae41dd22d8eb,4/22/2024,$19.93
67183275fc13ae41dd22d8ec,05-5863876,93-4256836,67183275fc13ae41dd22d8ed,10/2/2024,$12.40
67183275fc13ae41dd22d8ee,24-9007741,34-4754698,67183275fc13ae41dd22d8ef,7/9/2024,$28.58
67183275fc13ae41dd22d8f0,52-5281360,62-4354682,67183275fc13ae41dd22d8f1,2/26/2024,$12.99
67183275fc13ae41dd22d8f2,19-3113677,36-1747459,67183275fc13ae41dd22d8f3,5/12/2024,$21.74
67183275fc13ae41dd22d8f4,50-4470141,58-9233069,67183275fc13ae41dd22d8f5,11/18/2023,$61.53
67183275fc13ae41dd22d8f6,76-0892622,81-7931721,67183275fc13ae41dd22d8f7,2/1/2024,$48.30
67183275fc13ae41dd22d8f8,57-7577766,78-9365517,67183275fc13ae41dd22d8f9,11/12/2023,$29.41
67183275fc13ae41dd22d8fa,12-7239185,04-9365385,67183275fc13ae41dd22d8fb,3/30/2024,$23.26
67183275fc13ae41dd22d8fc,51-5717990,31-1353749,67183275fc13ae41dd22d8fd,6/29/2024,$90.12
67183275fc13ae41dd22d8fe,10-2416476,28-0308705,67183275fc13ae41dd22d8ff,2/13/2024,$75.31
67183275fc13ae41dd22d900,14-3324085,28-5300103,67183275fc13ae41dd22d901,8/28/2024,$0.36
67183275fc13ae41dd22d902,80-0768380,53-3453308,67183275fc13ae41dd22d903,1/6/2024,$91.44
67183275fc13ae41dd22d904,82-5636899,99-1631121,67183275fc13ae41dd22d905,10/6/2024,$34.29
67183275fc13ae41dd22d906,95-3003089,60-6077198,67183275fc13ae41dd22d907,10/1/2024,$34.34
67183275fc13ae41dd22d908,99-0491504,63-7267031,67183275fc13ae41dd22d909,12/23/2023,$29.79
67183275fc13ae41dd22d90a,69-4399231,86-7054707,67183275fc13ae41dd22d90b,4/17/2024,$90.24
67183275fc13ae41dd22d90c,81-8616264,74-4241614,67183275fc13ae41dd22d90d,12/13/2023,$1.19
67183275fc13ae41dd22d90e,63-8579597,63-2057328,67183275fc13ae41dd22d90f,10/13/2024,$84.65
67183275fc13ae41dd22d910,74-2487829,12-1718893,67183275fc13ae41dd22d911,7/24/2024,$79.31
67183275fc13ae41dd22d912,17-5349229,84-4273613,67183275fc13ae41dd22d913,6/16/2024,$31.55
67183275fc13ae41dd22d914,40-5435963,29-6718408,67183275fc13ae41dd22d915,7/15/2024,$69.87
67183275fc13ae41dd22d916,62-3329707,56-7529422,67183275fc13ae41dd22d917,11/15/2023,$35.80
67183275fc13ae41dd22d918,26-2857180,87-1524363,67183275fc13ae41dd22d919,8/26/2024,$74.46
67183275fc13ae41dd22d91a,36-4485688,45-5721244,67183275fc13ae41dd22d91b,10/8/2024,$79.60
67183275fc13ae41dd22d91c,73-3200825,22-8150485,67183275fc13ae41dd22d91d,5/22/2024,$94.65
67183275fc13ae41dd22d91e,89-4881050,11-2183738,67183275fc13ae41dd22d91f,7/31/2024,$1.73
67183275fc13ae41dd22d920,01-4689030,28-3015651,67183275fc13ae41dd22d921,9/11/2024,$34.17
67183275fc13ae41dd22d922,57-1060118,38-8808400,67183275fc13ae41dd22d923,2/1/2024,$48.67
67183275fc13ae41dd22d924,08-6893523,78-6408730,67183275fc13ae41dd22d925,8/2/2024,$76.38
67183275fc13ae41dd22d926,99-0314548,11-2353097,67183275fc13ae41dd22d927,11/23/2023,$44.94
67183275fc13ae41dd22d928,78-5007494,16-9328275,67183275fc13ae41dd22d929,6/1/2024,$98.45
67183275fc13ae41dd22d92a,27-5944519,31-3899900,67183275fc13ae41dd22d92b,10/21/2024,$51.78
67183275fc13ae41dd22d92c,38-4841033,61-2814854,67183275fc13ae41dd22d92d,8/1/2024,$72.01
67183275fc13ae41dd22d92e,85-6231747,10-5471223,67183275fc13ae41dd22d92f,1/25/2024,$19.96
67183275fc13ae41dd22d930,44-6702675,77-4429337,67183275fc13ae41dd22d931,9/24/2024,$78.43
67183275fc13ae41dd22d932,65-4814568,69-2368144,67183275fc13ae41dd22d933,10/26/2023,$28.85
67183275fc13ae41dd22d934,25-3644489,14-7463344,67183275fc13ae41dd22d935,5/17/2024,$13.27
67183275fc13ae41dd22d936,40-2848854,96-4734404,67183275fc13ae41dd22d937,5/2/2024,$52.13
67183275fc13ae41dd22d938,05-9020769,26-8642603,67183275fc13ae41dd22d939,8/31/2024,$88.72
67183275fc13ae41dd22d93a,88-6914148,77-9174677,67183275fc13ae41dd22d93b,6/15/2024,$3.15
67183275fc13ae41dd22d93c,18-7336426,97-4906760,67183275fc13ae41dd22d93d,4/19/2024,$50.57
67183275fc13ae41dd22d93e,09-6911875,84-5510734,67183275fc13ae41dd22d93f,1/25/2024,$67.56
67183275fc13ae41dd22d940,96-2881494,24-1786181,67183275fc13ae41dd22d941,1/23/2024,$83.57
67183275fc13ae41dd22d942,20-6655840,25-8324715,67183275fc13ae41dd22d943,3/21/2024,$56.30
67183275fc13ae41dd22d944,85-5293438,68-7619592,67183275fc13ae41dd22d945,5/30/2024,$94.24
67183275fc13ae41dd22d946,42-6525152,81-7656122,67183275fc13ae41dd22d947,5/22/2024,$46.71
67183275fc13ae41dd22d948,04-3439436,56-4574082,67183275fc13ae41dd22d949,11/9/2023,$40.21
67183275fc13ae41dd22d94a,42-7453334,63-3776583,67183275fc13ae41dd22d94b,7/6/2024,$63.22
67183275fc13ae41dd22d94c,49-1481703,75-5002970,67183275fc13ae41dd22d94d,8/31/2024,$92.99
67183275fc13ae41dd22d94e,85-2977567,30-9196999,67183275fc13ae41dd22d94f,5/27/2024,$32.08
67183275fc13ae41dd22d950,24-2462059,30-6938224,67183275fc13ae41dd22d951,11/1/2023,$63.70
67183275fc13ae41dd22d952,62-9372465,85-8390492,67183275fc13ae41dd22d953,9/21/2024,$75.07
67183275fc13ae41dd22d954,20-6132726,47-1357815,67183275fc13ae41dd22d955,2/20/2024,$82.05
67183275fc13ae41dd22d956,11-3600451,69-3651457,67183275fc13ae41dd22d957,12/9/2023,$44.36
67183275fc13ae41dd22d958,30-2304783,69-2852828,67183275fc13ae41dd22d959,3/7/2024,$97.85
67183275fc13ae41dd22d95a,85-0045411,46-8000090,67183275fc13ae41dd22d95b,1/26/2024,$84.39
67183275fc13ae41dd22d95c,02-7578371,70-7220195,67183275fc13ae41dd22d95d,12/25/2023,$78.27
67183275fc13ae41dd22d95e,87-7702395,99-1424507,67183275fc13ae41dd22d95f,11/2/2023,$10.43
67183275fc13ae41dd22d960,90-8170079,65-3936774,67183275fc13ae41dd22d961,7/8/2024,$49.53
67183275fc13ae41dd22d962,98-6586776,72-4101930,67183275fc13ae41dd22d963,10/25/2023,$47.30
67183275fc13ae41dd22d964,35-3057676,48-4276798,67183275fc13ae41dd22d965,6/21/2024,$0.86
67183275fc13ae41dd22d966,03-1650157,73-6895711,67183275fc13ae41dd22d967,4/27/2024,$23.60
67183275fc13ae41dd22d968,64-2544527,27-1320024,67183275fc13ae41dd22d969,1/28/2024,$74.10
67183275fc13ae41dd22d96a,83-3683579,15-3820647,67183275fc13ae41dd22d96b,6/14/2024,$51.39
67183275fc13ae41dd22d96c,87-1739602,94-6655929,67183275fc13ae41dd22d96d,5/10/2024,$21.62
67183275fc13ae41dd22d96e,22-3431102,74-9469822,67183275fc13ae41dd22d96f,1/4/2024,$76.83
67183275fc13ae41dd22d970,74-9868717,01-7655164,67183275fc13ae41dd22d971,10/15/2024,$55.41
67183275fc13ae41dd22d972,60-9156542,12-7723847,67183275fc13ae41dd22d973,6/7/2024,$61.36
67183275fc13ae41dd22d974,65-0264439,96-9748211,67183275fc13ae41dd22d975,3/12/2024,$16.90
67183275fc13ae41dd22d976,72-9358057,85-5459517,67183275fc13ae41dd22d977,2/24/2024,$16.88
67183275fc13ae41dd22d978,73-9327452,73-4679677,67183275fc13ae41dd22d979,2/13/2024,$31.87
67183275fc13ae41dd22d97a,01-0818060,23-9419425,67183275fc13ae41dd22d97b,3/30/2024,$24.47
67183275fc13ae41dd22d97c,94-9732121,84-4208968,67183275fc13ae41dd22d97d,11/24/2023,$38.65
67183275fc13ae41dd22d97e,64-2616062,36-1955368,67183275fc13ae41dd22d97f,8/1/2024,$95.62
67183275fc13ae41dd22d980,06-9526418,02-2562551,67183275fc13ae41dd22d981,8/13/2024,$2.11
67183275fc13ae41dd22d982,15-1796138,09-3466937,67183275fc13ae41dd22d983,3/14/2024,$51.19
67183275fc13ae41dd22d984,43-9672603,43-7139686,67183275fc13ae41dd22d985,8/20/2024,$2.47
67183275fc13ae41dd22d986,81-5089269,22-8635276,67183275fc13ae41dd22d987,7/15/2024,$40.45
67183275fc13ae41dd22d988,49-7979224,31-2469209,67183275fc13ae41dd22d989,6/18/2024,$75.27
